/*
 Navicat Premium Data Transfer

 Source Server         : DB
 Source Server Type    : MySQL
 Source Server Version : 100125
 Source Host           : localhost:3306
 Source Schema         : master

 Target Server Type    : MySQL
 Target Server Version : 100125
 File Encoding         : 65001

 Date: 17/10/2017 14:34:09
*/

SET NAMES utf8mb4;
SET FOREIGN_KEY_CHECKS = 0;

-- ----------------------------
-- Table structure for apd
-- ----------------------------
DROP TABLE IF EXISTS `apd`;
CREATE TABLE `apd`  (
  `kodeapd` int(5) NOT NULL AUTO_INCREMENT,
  `namaapd` varchar(100) CHARACTER SET latin1 COLLATE latin1_swedish_ci NULL DEFAULT NULL,
  PRIMARY KEY (`kodeapd`) USING BTREE
) ENGINE = InnoDB AUTO_INCREMENT = 3 CHARACTER SET = latin1 COLLATE = latin1_swedish_ci ROW_FORMAT = Compact;

-- ----------------------------
-- Records of apd
-- ----------------------------
INSERT INTO `apd` VALUES (1, 'APD JABAR');
INSERT INTO `apd` VALUES (2, 'APD JATENG');

-- ----------------------------
-- Table structure for aplikasi
-- ----------------------------
DROP TABLE IF EXISTS `aplikasi`;
CREATE TABLE `aplikasi`  (
  `kodeaplikasi` int(5) NOT NULL AUTO_INCREMENT,
  `namaaplikasi` varchar(100) CHARACTER SET latin1 COLLATE latin1_swedish_ci NULL DEFAULT NULL,
  `alamataplikasi` varchar(100) CHARACTER SET latin1 COLLATE latin1_swedish_ci NULL DEFAULT NULL,
  `images` varchar(100) CHARACTER SET latin1 COLLATE latin1_swedish_ci NULL DEFAULT NULL,
  PRIMARY KEY (`kodeaplikasi`) USING BTREE
) ENGINE = InnoDB AUTO_INCREMENT = 8 CHARACTER SET = latin1 COLLATE = latin1_swedish_ci ROW_FORMAT = Compact;

-- ----------------------------
-- Records of aplikasi
-- ----------------------------
INSERT INTO `aplikasi` VALUES (1, 'SIAPP', '/siapp/index.php?dashboard', 'siapp.jpg');
INSERT INTO `aplikasi` VALUES (2, 'Arsip Online', '/arsip/index.php?dashboard', 'arsiponline.jpg');
INSERT INTO `aplikasi` VALUES (3, 'TSA', '/tsa/index.php?dashboard', 'tsa.jpg');
INSERT INTO `aplikasi` VALUES (4, 'APAR', '/monpar/index.php?dashboard', 'monpar.jpg');
INSERT INTO `aplikasi` VALUES (5, 'Fire Protection', '/fire_protection/index.php?dashboard', 'fireprotection.jpg');
INSERT INTO `aplikasi` VALUES (6, 'Anggaran', '/newmonarki/index.php?dashboard', 'monarki.jpg');
INSERT INTO `aplikasi` VALUES (7, 'Administrator', '/portal/administrator/index.php?dashboard', NULL);

-- ----------------------------
-- Table structure for app
-- ----------------------------
DROP TABLE IF EXISTS `app`;
CREATE TABLE `app`  (
  `kodeapp` int(5) NOT NULL AUTO_INCREMENT,
  `kodeapd` int(5) NULL DEFAULT NULL,
  `namaapp` varchar(100) CHARACTER SET latin1 COLLATE latin1_swedish_ci NULL DEFAULT NULL,
  `lokasi` varchar(100) CHARACTER SET latin1 COLLATE latin1_swedish_ci NULL DEFAULT NULL,
  PRIMARY KEY (`kodeapp`) USING BTREE,
  INDEX `kodeapd`(`kodeapd`) USING BTREE
) ENGINE = InnoDB AUTO_INCREMENT = 8 CHARACTER SET = latin1 COLLATE = latin1_swedish_ci ROW_FORMAT = Compact;

-- ----------------------------
-- Records of app
-- ----------------------------
INSERT INTO `app` VALUES (1, 1, 'APP Bogor', 'Bogor');
INSERT INTO `app` VALUES (2, 1, 'APP Bandung', 'Bandung');
INSERT INTO `app` VALUES (3, 1, 'APP Karawang', 'Karawang');
INSERT INTO `app` VALUES (4, 1, 'APP Cirebon', 'Cirebon');
INSERT INTO `app` VALUES (5, 2, 'APP Purwokerto', 'Purwokerto');
INSERT INTO `app` VALUES (6, 2, 'APP Salatiga', 'Salatiga');
INSERT INTO `app` VALUES (7, 2, 'APP Semarang', 'Semarang');

-- ----------------------------
-- Table structure for bidang
-- ----------------------------
DROP TABLE IF EXISTS `bidang`;
CREATE TABLE `bidang`  (
  `kodebidang` int(5) NOT NULL AUTO_INCREMENT,
  `namabidang` varchar(100) CHARACTER SET latin1 COLLATE latin1_swedish_ci NULL DEFAULT NULL,
  `idbidang` varchar(5) CHARACTER SET latin1 COLLATE latin1_swedish_ci NULL DEFAULT NULL,
  PRIMARY KEY (`kodebidang`) USING BTREE
) ENGINE = InnoDB AUTO_INCREMENT = 13 CHARACTER SET = latin1 COLLATE = latin1_swedish_ci ROW_FORMAT = Compact;

-- ----------------------------
-- Records of bidang
-- ----------------------------
INSERT INTO `bidang` VALUES (1, 'GENERAL MANAGER', '01');
INSERT INTO `bidang` VALUES (2, 'BIDANG PERENCANAAN', '02');
INSERT INTO `bidang` VALUES (3, 'BIDANG KSA', '03');
INSERT INTO `bidang` VALUES (4, 'BIDANG KONTRUKSI', '04');
INSERT INTO `bidang` VALUES (5, 'BIDANG PEMELIHARAAN', '05');
INSERT INTO `bidang` VALUES (6, 'APP Bogor', '06');
INSERT INTO `bidang` VALUES (7, 'APP Karawang', '07');
INSERT INTO `bidang` VALUES (8, 'APP Bandung', '08');
INSERT INTO `bidang` VALUES (9, 'APP Cirebon', '09');
INSERT INTO `bidang` VALUES (10, 'APP Purwokerto', '10');
INSERT INTO `bidang` VALUES (11, 'APP Salatiga', '11');
INSERT INTO `bidang` VALUES (12, 'APP Semarang', '12');

-- ----------------------------
-- Table structure for gi
-- ----------------------------
DROP TABLE IF EXISTS `gi`;
CREATE TABLE `gi`  (
  `kodegi` int(5) NOT NULL AUTO_INCREMENT,
  `kodeapd` int(5) NULL DEFAULT NULL,
  `kodeapp` int(5) NULL DEFAULT NULL,
  `namagi` varchar(100) CHARACTER SET latin1 COLLATE latin1_swedish_ci NULL DEFAULT NULL,
  `alamat` varchar(500) CHARACTER SET latin1 COLLATE latin1_swedish_ci NULL DEFAULT NULL,
  PRIMARY KEY (`kodegi`) USING BTREE,
  INDEX `kodeapp`(`kodeapp`) USING BTREE,
  CONSTRAINT `kodeapp` FOREIGN KEY (`kodeapp`) REFERENCES `app` (`kodeapp`) ON DELETE RESTRICT ON UPDATE RESTRICT
) ENGINE = InnoDB AUTO_INCREMENT = 184 CHARACTER SET = latin1 COLLATE = latin1_swedish_ci ROW_FORMAT = Compact;

-- ----------------------------
-- Records of gi
-- ----------------------------
INSERT INTO `gi` VALUES (1, 1, 1, 'Bogor Baru', '');
INSERT INTO `gi` VALUES (2, 1, 1, 'Cibinong', '');
INSERT INTO `gi` VALUES (3, 1, 1, 'Cileungsi 70 kV', '');
INSERT INTO `gi` VALUES (4, 1, 1, 'Kedung Badak', '');
INSERT INTO `gi` VALUES (5, 1, 1, 'Bunar', '');
INSERT INTO `gi` VALUES (6, 1, 1, 'Kracak', '');
INSERT INTO `gi` VALUES (7, 1, 1, 'Ciawi', '');
INSERT INTO `gi` VALUES (8, 1, 1, 'Cibadak Baru', '');
INSERT INTO `gi` VALUES (9, 1, 1, 'Lembur Situ', '');
INSERT INTO `gi` VALUES (10, 1, 1, 'Pelabuhan Ratu', '');
INSERT INTO `gi` VALUES (11, 1, 1, 'GIS Pelabuhan Ratu', '');
INSERT INTO `gi` VALUES (12, 1, 1, 'Sentul', '');
INSERT INTO `gi` VALUES (13, 1, 1, 'Semen Baru', '');
INSERT INTO `gi` VALUES (14, 1, 1, 'ITP', '');
INSERT INTO `gi` VALUES (15, 1, 1, 'ASPEK 70kV', '');
INSERT INTO `gi` VALUES (16, 1, 1, 'Semen Baru 150kV ', '');
INSERT INTO `gi` VALUES (17, 1, 1, 'Semen Lama 70kV', '');
INSERT INTO `gi` VALUES (18, 1, 1, 'Semen Jawa 150kV', '');
INSERT INTO `gi` VALUES (19, 1, 2, 'GI 150KV BANDUNG SELATAN', '');
INSERT INTO `gi` VALUES (20, 1, 2, 'GI 150KV BANDUNG UTARA', '');
INSERT INTO `gi` VALUES (21, 1, 2, 'GI 70KV BENGKOK', '');
INSERT INTO `gi` VALUES (22, 1, 2, 'GI 150KV CIANJUR', '');
INSERT INTO `gi` VALUES (23, 1, 2, 'GI 150KV CIBEUREUM BARU', '');
INSERT INTO `gi` VALUES (24, 1, 2, 'GI 150KV CIGERELENG', '');
INSERT INTO `gi` VALUES (25, 1, 2, 'GI 150KV CIKASUNGKA', '');
INSERT INTO `gi` VALUES (26, 1, 2, 'GI 150KV DAGOPAKAR', '');
INSERT INTO `gi` VALUES (27, 1, 2, 'GI 150KV LAGADAR', '');
INSERT INTO `gi` VALUES (28, 1, 2, 'GI 70KV MAJALAYA', '');
INSERT INTO `gi` VALUES (29, 1, 2, 'GI 150KV PADALARANGBARU', '');
INSERT INTO `gi` VALUES (30, 1, 2, 'GI 150KV PANASIA', '');
INSERT INTO `gi` VALUES (31, 1, 2, 'GI 150KV RANCAEKEK', '');
INSERT INTO `gi` VALUES (32, 1, 2, 'GI 150KV RANCAKASUMBA', '');
INSERT INTO `gi` VALUES (33, 1, 2, 'GI 70KV SANTOSA', '');
INSERT INTO `gi` VALUES (34, 1, 2, 'GI 70KV SUMEDANG', '');
INSERT INTO `gi` VALUES (35, 1, 2, 'GI 150KV UJUNGBERUNG', '');
INSERT INTO `gi` VALUES (36, 1, 2, 'GIS 150KV CIBABAT', '');
INSERT INTO `gi` VALUES (37, 1, 2, 'GIS 150KV KIARACONDONG', '');
INSERT INTO `gi` VALUES (38, 1, 2, 'GI 150KV PATUHA', '');
INSERT INTO `gi` VALUES (39, 1, 2, 'GIS 150KV CIBABAT BARU', '');
INSERT INTO `gi` VALUES (40, 1, 2, 'GI 150KV NEW RANCAKASUMBA', '');
INSERT INTO `gi` VALUES (41, 1, 2, 'GIS 150KV BRAGA', '');
INSERT INTO `gi` VALUES (42, 1, 3, 'Cibatu', '');
INSERT INTO `gi` VALUES (43, 1, 3, 'Suzuki', '');
INSERT INTO `gi` VALUES (44, 1, 3, 'Dawuan', '');
INSERT INTO `gi` VALUES (45, 1, 3, 'Kosambi Baru', '');
INSERT INTO `gi` VALUES (46, 1, 3, 'Kutamekar', '');
INSERT INTO `gi` VALUES (47, 1, 3, 'Kiarapayung', '');
INSERT INTO `gi` VALUES (48, 1, 3, 'Mekarsari', '');
INSERT INTO `gi` VALUES (49, 1, 3, 'Maligi', '');
INSERT INTO `gi` VALUES (50, 1, 3, 'Indoliberty', '');
INSERT INTO `gi` VALUES (51, 1, 3, 'Pinayungan', '');
INSERT INTO `gi` VALUES (52, 1, 3, 'Pindodeli', '');
INSERT INTO `gi` VALUES (53, 1, 3, 'Parungmulya', '');
INSERT INTO `gi` VALUES (54, 1, 3, 'Peruri', '');
INSERT INTO `gi` VALUES (55, 1, 3, 'Rengasdengklok', '');
INSERT INTO `gi` VALUES (56, 1, 3, 'Sukamandi', '');
INSERT INTO `gi` VALUES (57, 1, 3, 'Tegalherang', '');
INSERT INTO `gi` VALUES (58, 1, 3, 'Telukjambe', '');
INSERT INTO `gi` VALUES (59, 1, 3, 'Cikarang', '');
INSERT INTO `gi` VALUES (60, 1, 3, 'Fajar Surya Wisesa', '');
INSERT INTO `gi` VALUES (61, 1, 3, 'Gandamekar', '');
INSERT INTO `gi` VALUES (62, 1, 3, 'Jababeka', '');
INSERT INTO `gi` VALUES (63, 1, 3, 'Poncol Baru', '');
INSERT INTO `gi` VALUES (64, 1, 3, 'Tambun', '');
INSERT INTO `gi` VALUES (65, 1, 3, 'Toyogiri', '');
INSERT INTO `gi` VALUES (66, 1, 3, 'Hankook', '');
INSERT INTO `gi` VALUES (67, 1, 3, 'Jui Shin', '');
INSERT INTO `gi` VALUES (68, 1, 3, 'Cileungsi', '');
INSERT INTO `gi` VALUES (69, 1, 3, 'Rajapaksi', '');
INSERT INTO `gi` VALUES (70, 1, 3, 'Cirata Baru', '');
INSERT INTO `gi` VALUES (71, 1, 3, 'Cikumpay', '');
INSERT INTO `gi` VALUES (72, 1, 3, 'Ciganea', '');
INSERT INTO `gi` VALUES (73, 1, 3, 'Indobharat', '');
INSERT INTO `gi` VALUES (74, 1, 3, 'Indorama Polymer', '');
INSERT INTO `gi` VALUES (75, 1, 3, 'Indorama Polychem', '');
INSERT INTO `gi` VALUES (76, 1, 3, 'Indaci', '');
INSERT INTO `gi` VALUES (77, 1, 3, 'Pabuaran', '');
INSERT INTO `gi` VALUES (78, 1, 3, 'Purwakarta', '');
INSERT INTO `gi` VALUES (79, 1, 3, 'South Pasific', '');
INSERT INTO `gi` VALUES (80, 1, 3, 'Tata JABAR', '');
INSERT INTO `gi` VALUES (81, 1, 3, 'Subang', '');
INSERT INTO `gi` VALUES (82, 1, 4, 'Arjawinangun', '');
INSERT INTO `gi` VALUES (83, 1, 4, 'Babakan', '');
INSERT INTO `gi` VALUES (84, 1, 4, 'Cangkring', '');
INSERT INTO `gi` VALUES (85, 1, 4, 'Hargeulis', '');
INSERT INTO `gi` VALUES (86, 1, 4, 'Indramayu', '');
INSERT INTO `gi` VALUES (87, 1, 4, 'Jatibarang', '');
INSERT INTO `gi` VALUES (88, 1, 4, 'Kadipaten', '');
INSERT INTO `gi` VALUES (89, 1, 4, 'Kuningan', '');
INSERT INTO `gi` VALUES (90, 1, 4, 'Mandirancan', '');
INSERT INTO `gi` VALUES (91, 1, 4, 'Parakan', '');
INSERT INTO `gi` VALUES (92, 1, 4, 'Semen Palimanan', '');
INSERT INTO `gi` VALUES (93, 1, 4, 'Sunyaragi', '');
INSERT INTO `gi` VALUES (94, 1, 4, 'PLTU Indramayu', '');
INSERT INTO `gi` VALUES (95, 1, 4, 'Banjar', '');
INSERT INTO `gi` VALUES (96, 1, 4, 'Ciamis', '');
INSERT INTO `gi` VALUES (97, 1, 4, 'Garut', '');
INSERT INTO `gi` VALUES (98, 1, 4, 'Kamojang', '');
INSERT INTO `gi` VALUES (99, 1, 4, 'Malangbong', '');
INSERT INTO `gi` VALUES (100, 1, 4, 'Pangandaran', '');
INSERT INTO `gi` VALUES (101, 1, 4, 'Pameungpeuk', '');
INSERT INTO `gi` VALUES (102, 1, 4, 'Sumadra', '');
INSERT INTO `gi` VALUES (103, 1, 4, 'Tasikmalaya', '');
INSERT INTO `gi` VALUES (104, 1, 4, 'Tasik_Baru', '');
INSERT INTO `gi` VALUES (105, 1, 4, 'Cikedung', '');
INSERT INTO `gi` VALUES (106, 1, 4, 'KarangNunggal', '');
INSERT INTO `gi` VALUES (107, 2, 5, 'KTT Holcim', '');
INSERT INTO `gi` VALUES (108, 2, 5, 'PLTU Cilacap', '');
INSERT INTO `gi` VALUES (109, 2, 5, 'Kalibakal', '');
INSERT INTO `gi` VALUES (110, 2, 5, 'Purbalingga', '');
INSERT INTO `gi` VALUES (111, 2, 5, 'Mrica', '');
INSERT INTO `gi` VALUES (112, 2, 5, 'Wonosobo', '');
INSERT INTO `gi` VALUES (113, 2, 5, 'Dieng', '');
INSERT INTO `gi` VALUES (114, 2, 5, 'Gombong', '');
INSERT INTO `gi` VALUES (115, 2, 5, 'Kebumen', '');
INSERT INTO `gi` VALUES (116, 2, 5, 'Rawalo', '');
INSERT INTO `gi` VALUES (117, 2, 5, 'Lomanis', '');
INSERT INTO `gi` VALUES (118, 2, 5, 'Semen Nusantara', '');
INSERT INTO `gi` VALUES (119, 2, 5, 'Majenang', '');
INSERT INTO `gi` VALUES (120, 2, 5, 'Bumiayu', '');
INSERT INTO `gi` VALUES (121, 2, 5, 'Balapulang', '');
INSERT INTO `gi` VALUES (122, 2, 5, 'Brebes', '');
INSERT INTO `gi` VALUES (123, 2, 5, 'Kebasen', '');
INSERT INTO `gi` VALUES (124, 2, 5, 'Pemalang', '');
INSERT INTO `gi` VALUES (125, 2, 5, 'Pekalongan', '');
INSERT INTO `gi` VALUES (126, 2, 5, 'Batang', '');
INSERT INTO `gi` VALUES (127, 2, 5, 'Kesugihan', '');
INSERT INTO `gi` VALUES (128, 2, 6, 'Bawen', '');
INSERT INTO `gi` VALUES (129, 2, 6, 'Bringin', '');
INSERT INTO `gi` VALUES (130, 2, 6, 'Jelok', '');
INSERT INTO `gi` VALUES (131, 2, 6, 'Mojosongo', '');
INSERT INTO `gi` VALUES (132, 2, 6, 'Banyudono', '');
INSERT INTO `gi` VALUES (133, 2, 6, 'Jajar', '');
INSERT INTO `gi` VALUES (134, 2, 6, 'Mangkunegaran', '');
INSERT INTO `gi` VALUES (135, 2, 6, 'Palur', '');
INSERT INTO `gi` VALUES (136, 2, 6, 'Solobaru', '');
INSERT INTO `gi` VALUES (137, 2, 6, 'Sragen', '');
INSERT INTO `gi` VALUES (138, 2, 6, 'Wonogiri', '');
INSERT INTO `gi` VALUES (139, 2, 6, 'Masaran', '');
INSERT INTO `gi` VALUES (140, 2, 6, 'Wonosari', '');
INSERT INTO `gi` VALUES (141, 2, 6, 'Pedan', '');
INSERT INTO `gi` VALUES (142, 2, 6, 'Gondangrejo', '');
INSERT INTO `gi` VALUES (143, 2, 6, 'Nguntoronadi', '');
INSERT INTO `gi` VALUES (144, 2, 6, 'Klaten', '');
INSERT INTO `gi` VALUES (145, 2, 6, 'Sanggrahan', '');
INSERT INTO `gi` VALUES (146, 2, 6, 'Secang', '');
INSERT INTO `gi` VALUES (147, 2, 6, 'Temanggung', '');
INSERT INTO `gi` VALUES (148, 2, 6, 'Purworejo', '');
INSERT INTO `gi` VALUES (149, 2, 6, 'Bantul', '');
INSERT INTO `gi` VALUES (150, 2, 6, 'Gejayan', '');
INSERT INTO `gi` VALUES (151, 2, 6, 'Godean', '');
INSERT INTO `gi` VALUES (152, 2, 6, 'Kentungan', '');
INSERT INTO `gi` VALUES (153, 2, 6, 'Medari', '');
INSERT INTO `gi` VALUES (154, 2, 6, 'Semanu', '');
INSERT INTO `gi` VALUES (155, 2, 6, 'Wates', '');
INSERT INTO `gi` VALUES (156, 2, 6, 'Wirobrajan', '');
INSERT INTO `gi` VALUES (157, 2, 6, 'Wadaslintang', '');
INSERT INTO `gi` VALUES (158, 2, 7, 'BLORA', '');
INSERT INTO `gi` VALUES (159, 2, 7, 'BSB', '');
INSERT INTO `gi` VALUES (160, 2, 7, 'CEPU', '');
INSERT INTO `gi` VALUES (161, 2, 7, 'JEKULO', '');
INSERT INTO `gi` VALUES (162, 2, 7, 'JEPARA', '');
INSERT INTO `gi` VALUES (163, 2, 7, 'KALIWUNGU', '');
INSERT INTO `gi` VALUES (164, 2, 7, 'KEDUNGOMBO', '');
INSERT INTO `gi` VALUES (165, 2, 7, 'KRAPYAK', '');
INSERT INTO `gi` VALUES (166, 2, 7, 'KUDUS', '');
INSERT INTO `gi` VALUES (167, 2, 7, 'MRANGGEN (150kV)', '');
INSERT INTO `gi` VALUES (168, 2, 7, 'PANDEANLAMPER', '');
INSERT INTO `gi` VALUES (169, 2, 7, 'PATI', '');
INSERT INTO `gi` VALUES (170, 2, 7, 'PURWODADI', '');
INSERT INTO `gi` VALUES (171, 2, 7, 'REMBANG', '');
INSERT INTO `gi` VALUES (172, 2, 7, 'SAYUNG', '');
INSERT INTO `gi` VALUES (173, 2, 7, 'SRONDOL', '');
INSERT INTO `gi` VALUES (174, 2, 7, 'TAMBAKLOROK', '');
INSERT INTO `gi` VALUES (175, 2, 7, 'TANJUNGJATI', '');
INSERT INTO `gi` VALUES (176, 2, 7, 'UNGARAN', '');
INSERT INTO `gi` VALUES (177, 2, 7, 'WELERI', '');
INSERT INTO `gi` VALUES (178, 2, 7, 'KALISARI', '');
INSERT INTO `gi` VALUES (179, 2, 7, 'PUDAKPAYUNG', '');
INSERT INTO `gi` VALUES (180, 2, 7, 'RANDUGARUT', '');
INSERT INTO `gi` VALUES (181, 2, 7, 'SIMPANGLIMA', '');
INSERT INTO `gi` VALUES (182, 2, 7, 'POLYSINDO', '');
INSERT INTO `gi` VALUES (183, 2, 7, 'SEMEN INDONESIA', '');

-- ----------------------------
-- Table structure for login
-- ----------------------------
DROP TABLE IF EXISTS `login`;
CREATE TABLE `login`  (
  `kodelogin` int(5) NOT NULL AUTO_INCREMENT,
  `nama` varchar(100) CHARACTER SET latin1 COLLATE latin1_swedish_ci NULL DEFAULT NULL,
  `email` varchar(100) CHARACTER SET latin1 COLLATE latin1_swedish_ci NULL DEFAULT NULL,
  `password` varchar(100) CHARACTER SET latin1 COLLATE latin1_swedish_ci NULL DEFAULT NULL,
  `level` varchar(100) CHARACTER SET latin1 COLLATE latin1_swedish_ci NULL DEFAULT NULL,
  `jenisuser` varchar(100) CHARACTER SET latin1 COLLATE latin1_swedish_ci NULL DEFAULT NULL,
  `tgldaftar` date NULL DEFAULT NULL,
  `kodeapd` int(5) NULL DEFAULT NULL,
  `kodeapp` int(5) NULL DEFAULT NULL,
  `kodegi` int(5) NULL DEFAULT NULL,
  `kodebidang` int(5) NULL DEFAULT NULL,
  `images` varchar(100) CHARACTER SET latin1 COLLATE latin1_swedish_ci NULL DEFAULT NULL,
  PRIMARY KEY (`kodelogin`) USING BTREE
) ENGINE = InnoDB AUTO_INCREMENT = 236 CHARACTER SET = latin1 COLLATE = latin1_swedish_ci ROW_FORMAT = Compact;

-- ----------------------------
-- Records of login
-- ----------------------------
INSERT INTO `login` VALUES (1, 'Administrator', 'admin', '21232f297a57a5a743894a0e4a801fc3', 'superadmin', 'administrator', '0000-00-00', NULL, NULL, NULL, NULL, NULL);
INSERT INTO `login` VALUES (2, 'Admin KI', 'oldaki', '21232f297a57a5a743894a0e4a801fc3', 'user', 'ki', '0000-00-00', NULL, NULL, NULL, NULL, NULL);
INSERT INTO `login` VALUES (3, 'Admin APD', 'jabar', '21232f297a57a5a743894a0e4a801fc3', 'user', 'apd', '0000-00-00', 1, NULL, NULL, NULL, NULL);
INSERT INTO `login` VALUES (4, 'Admin APD', 'jateng', '21232f297a57a5a743894a0e4a801fc3', 'user', 'apd', '0000-00-00', 2, NULL, NULL, NULL, NULL);
INSERT INTO `login` VALUES (5, 'Admin APP', 'bogor', '21232f297a57a5a743894a0e4a801fc3', 'user', 'app', '0000-00-00', 1, 1, NULL, 6, NULL);
INSERT INTO `login` VALUES (6, 'Admin APP', 'bandung', '21232f297a57a5a743894a0e4a801fc3', 'user', 'app', '0000-00-00', 1, 2, NULL, 8, NULL);
INSERT INTO `login` VALUES (7, 'Admin APP', 'karawang', '21232f297a57a5a743894a0e4a801fc3', 'user', 'app', '0000-00-00', 1, 3, NULL, 7, NULL);
INSERT INTO `login` VALUES (8, 'Admin APP', 'cirebon', '21232f297a57a5a743894a0e4a801fc3', 'user', 'app', '0000-00-00', 1, 4, NULL, 9, NULL);
INSERT INTO `login` VALUES (9, 'Admin APP', 'purwokerto', '21232f297a57a5a743894a0e4a801fc3', 'user', 'app', '0000-00-00', 2, 5, NULL, 10, NULL);
INSERT INTO `login` VALUES (10, 'Admin APP', 'salatiga', '21232f297a57a5a743894a0e4a801fc3', 'user', 'app', '0000-00-00', 2, 6, NULL, 11, NULL);
INSERT INTO `login` VALUES (11, 'Admin APP', 'semarang', '21232f297a57a5a743894a0e4a801fc3', 'user', 'app', '0000-00-00', 2, 7, NULL, 12, NULL);
INSERT INTO `login` VALUES (12, 'Admin GI', 'gibogorbaru', '21232f297a57a5a743894a0e4a801fc3', 'user', 'gi', '0000-00-00', 1, 1, 1, NULL, NULL);
INSERT INTO `login` VALUES (13, 'Admin GI', 'gicibinong', '21232f297a57a5a743894a0e4a801fc3', 'user', 'gi', '0000-00-00', 1, 1, 2, NULL, NULL);
INSERT INTO `login` VALUES (14, 'Admin GI', 'gicileungsi', '21232f297a57a5a743894a0e4a801fc3', 'user', 'gi', '0000-00-00', 1, 1, 3, NULL, NULL);
INSERT INTO `login` VALUES (15, 'Admin GI', 'gikedungbadak', '21232f297a57a5a743894a0e4a801fc3', 'user', 'gi', '0000-00-00', 1, 1, 4, NULL, NULL);
INSERT INTO `login` VALUES (16, 'Admin GI', 'gibunar', '21232f297a57a5a743894a0e4a801fc3', 'user', 'gi', '0000-00-00', 1, 1, 5, NULL, NULL);
INSERT INTO `login` VALUES (17, 'Admin GI', 'gikracak', '21232f297a57a5a743894a0e4a801fc3', 'user', 'gi', '0000-00-00', 1, 1, 6, NULL, NULL);
INSERT INTO `login` VALUES (18, 'Admin GI', 'giciawi', '21232f297a57a5a743894a0e4a801fc3', 'user', 'gi', '0000-00-00', 1, 1, 7, NULL, NULL);
INSERT INTO `login` VALUES (19, 'Admin GI', 'gicibadakbaru', '21232f297a57a5a743894a0e4a801fc3', 'user', 'gi', '0000-00-00', 1, 1, 8, NULL, NULL);
INSERT INTO `login` VALUES (20, 'Admin GI', 'gilembursitu', '21232f297a57a5a743894a0e4a801fc3', 'user', 'gi', '0000-00-00', 1, 1, 9, NULL, NULL);
INSERT INTO `login` VALUES (21, 'Admin GI', 'gipelabuhanratu', '21232f297a57a5a743894a0e4a801fc3', 'user', 'gi', '0000-00-00', 1, 1, 10, NULL, NULL);
INSERT INTO `login` VALUES (22, 'Admin GI', 'gigispelabuhanratu', '21232f297a57a5a743894a0e4a801fc3', 'user', 'gi', '0000-00-00', 1, 1, 11, NULL, NULL);
INSERT INTO `login` VALUES (23, 'Admin GI', 'gisentul', '21232f297a57a5a743894a0e4a801fc3', 'user', 'gi', '0000-00-00', 1, 1, 12, NULL, NULL);
INSERT INTO `login` VALUES (24, 'Admin GI', 'gisemenbaru', '21232f297a57a5a743894a0e4a801fc3', 'user', 'gi', '0000-00-00', 1, 1, 13, NULL, NULL);
INSERT INTO `login` VALUES (25, 'Admin GI', 'giitp', '21232f297a57a5a743894a0e4a801fc3', 'user', 'gi', '0000-00-00', 1, 1, 14, NULL, NULL);
INSERT INTO `login` VALUES (26, 'Admin GI', 'giaspek', '21232f297a57a5a743894a0e4a801fc3', 'user', 'gi', '0000-00-00', 1, 1, 15, NULL, NULL);
INSERT INTO `login` VALUES (27, 'Admin GI', 'gisemenbaru', '21232f297a57a5a743894a0e4a801fc3', 'user', 'gi', '0000-00-00', 1, 1, 16, NULL, NULL);
INSERT INTO `login` VALUES (28, 'Admin GI', 'gisemenlama', '21232f297a57a5a743894a0e4a801fc3', 'user', 'gi', '0000-00-00', 1, 1, 17, NULL, NULL);
INSERT INTO `login` VALUES (29, 'Admin GI', 'gisemenjawa', '21232f297a57a5a743894a0e4a801fc3', 'user', 'gi', '0000-00-00', 1, 1, 18, NULL, NULL);
INSERT INTO `login` VALUES (30, 'Admin GI', 'gibandungselatan', '21232f297a57a5a743894a0e4a801fc3', 'user', 'gi', '0000-00-00', 1, 2, 19, NULL, NULL);
INSERT INTO `login` VALUES (31, 'Admin GI', 'gibandungutara', '21232f297a57a5a743894a0e4a801fc3', 'user', 'gi', '0000-00-00', 1, 2, 20, NULL, NULL);
INSERT INTO `login` VALUES (32, 'Admin GI', 'gibengkok', '21232f297a57a5a743894a0e4a801fc3', 'user', 'gi', '0000-00-00', 1, 2, 21, NULL, NULL);
INSERT INTO `login` VALUES (33, 'Admin GI', 'gicianjur', '21232f297a57a5a743894a0e4a801fc3', 'user', 'gi', '0000-00-00', 1, 2, 22, NULL, NULL);
INSERT INTO `login` VALUES (34, 'Admin GI', 'gicibeureumbaru', '21232f297a57a5a743894a0e4a801fc3', 'user', 'gi', '0000-00-00', 1, 2, 23, NULL, NULL);
INSERT INTO `login` VALUES (35, 'Admin GI', 'gicigereleng', '21232f297a57a5a743894a0e4a801fc3', 'user', 'gi', '0000-00-00', 1, 2, 24, NULL, NULL);
INSERT INTO `login` VALUES (36, 'Admin GI', 'gicikasungka', '21232f297a57a5a743894a0e4a801fc3', 'user', 'gi', '0000-00-00', 1, 2, 25, NULL, NULL);
INSERT INTO `login` VALUES (37, 'Admin GI', 'gidagopakar', '21232f297a57a5a743894a0e4a801fc3', 'user', 'gi', '0000-00-00', 1, 2, 26, NULL, NULL);
INSERT INTO `login` VALUES (38, 'Admin GI', 'gilagadar', '21232f297a57a5a743894a0e4a801fc3', 'user', 'gi', '0000-00-00', 1, 2, 27, NULL, NULL);
INSERT INTO `login` VALUES (39, 'Admin GI', 'gimajalaya', '21232f297a57a5a743894a0e4a801fc3', 'user', 'gi', '0000-00-00', 1, 2, 28, NULL, NULL);
INSERT INTO `login` VALUES (40, 'Admin GI', 'gipadalarangbaru', '21232f297a57a5a743894a0e4a801fc3', 'user', 'gi', '0000-00-00', 1, 2, 29, NULL, NULL);
INSERT INTO `login` VALUES (41, 'Admin GI', 'gipanasia', '21232f297a57a5a743894a0e4a801fc3', 'user', 'gi', '0000-00-00', 1, 2, 30, NULL, NULL);
INSERT INTO `login` VALUES (42, 'Admin GI', 'girancaekek', '21232f297a57a5a743894a0e4a801fc3', 'user', 'gi', '0000-00-00', 1, 2, 31, NULL, NULL);
INSERT INTO `login` VALUES (43, 'Admin GI', 'girancakasumba', '21232f297a57a5a743894a0e4a801fc3', 'user', 'gi', '0000-00-00', 1, 2, 32, NULL, NULL);
INSERT INTO `login` VALUES (44, 'Admin GI', 'gisantosa', '21232f297a57a5a743894a0e4a801fc3', 'user', 'gi', '0000-00-00', 1, 2, 33, NULL, NULL);
INSERT INTO `login` VALUES (45, 'Admin GI', 'gisumedang', '21232f297a57a5a743894a0e4a801fc3', 'user', 'gi', '0000-00-00', 1, 2, 34, NULL, NULL);
INSERT INTO `login` VALUES (46, 'Admin GI', 'giujungberung', '21232f297a57a5a743894a0e4a801fc3', 'user', 'gi', '0000-00-00', 1, 2, 35, NULL, NULL);
INSERT INTO `login` VALUES (47, 'Admin GI', 'gicibabat', '21232f297a57a5a743894a0e4a801fc3', 'user', 'gi', '0000-00-00', 1, 2, 36, NULL, NULL);
INSERT INTO `login` VALUES (48, 'Admin GI', 'gikiaracondong', '21232f297a57a5a743894a0e4a801fc3', 'user', 'gi', '0000-00-00', 1, 2, 37, NULL, NULL);
INSERT INTO `login` VALUES (49, 'Admin GI', 'gipatuha', '21232f297a57a5a743894a0e4a801fc3', 'user', 'gi', '0000-00-00', 1, 2, 38, NULL, NULL);
INSERT INTO `login` VALUES (50, 'Admin GI', 'gicibabatbaru', '21232f297a57a5a743894a0e4a801fc3', 'user', 'gi', '0000-00-00', 1, 2, 39, NULL, NULL);
INSERT INTO `login` VALUES (51, 'Admin GI', 'ginewrancakasumba', '21232f297a57a5a743894a0e4a801fc3', 'user', 'gi', '0000-00-00', 1, 2, 40, NULL, NULL);
INSERT INTO `login` VALUES (52, 'Admin GI', 'gibraga', '21232f297a57a5a743894a0e4a801fc3', 'user', 'gi', '0000-00-00', 1, 2, 41, NULL, NULL);
INSERT INTO `login` VALUES (53, 'Admin GI', 'gicibatu', '21232f297a57a5a743894a0e4a801fc3', 'user', 'gi', '0000-00-00', 1, 3, 42, NULL, NULL);
INSERT INTO `login` VALUES (54, 'Admin GI', 'gisuzuki', '21232f297a57a5a743894a0e4a801fc3', 'user', 'gi', '0000-00-00', 1, 3, 43, NULL, NULL);
INSERT INTO `login` VALUES (55, 'Admin GI', 'gidawuan', '21232f297a57a5a743894a0e4a801fc3', 'user', 'gi', '0000-00-00', 1, 3, 44, NULL, NULL);
INSERT INTO `login` VALUES (56, 'Admin GI', 'gikosambibaru', '21232f297a57a5a743894a0e4a801fc3', 'user', 'gi', '0000-00-00', 1, 3, 45, NULL, NULL);
INSERT INTO `login` VALUES (57, 'Admin GI', 'gikutamekar', '21232f297a57a5a743894a0e4a801fc3', 'user', 'gi', '0000-00-00', 1, 3, 46, NULL, NULL);
INSERT INTO `login` VALUES (58, 'Admin GI', 'gikiarapayung', '21232f297a57a5a743894a0e4a801fc3', 'user', 'gi', '0000-00-00', 1, 3, 47, NULL, NULL);
INSERT INTO `login` VALUES (59, 'Admin GI', 'gimekarsari', '21232f297a57a5a743894a0e4a801fc3', 'user', 'gi', '0000-00-00', 1, 3, 48, NULL, NULL);
INSERT INTO `login` VALUES (60, 'Admin GI', 'gimaligi', '21232f297a57a5a743894a0e4a801fc3', 'user', 'gi', '0000-00-00', 1, 3, 49, NULL, NULL);
INSERT INTO `login` VALUES (61, 'Admin GI', 'giindoliberty', '21232f297a57a5a743894a0e4a801fc3', 'user', 'gi', '0000-00-00', 1, 3, 50, NULL, NULL);
INSERT INTO `login` VALUES (62, 'Admin GI', 'gipinayungan', '21232f297a57a5a743894a0e4a801fc3', 'user', 'gi', '0000-00-00', 1, 3, 51, NULL, NULL);
INSERT INTO `login` VALUES (63, 'Admin GI', 'gipindodeli', '21232f297a57a5a743894a0e4a801fc3', 'user', 'gi', '0000-00-00', 1, 3, 52, NULL, NULL);
INSERT INTO `login` VALUES (64, 'Admin GI', 'giparungmulya', '21232f297a57a5a743894a0e4a801fc3', 'user', 'gi', '0000-00-00', 1, 3, 53, NULL, NULL);
INSERT INTO `login` VALUES (65, 'Admin GI', 'giperuri', '21232f297a57a5a743894a0e4a801fc3', 'user', 'gi', '0000-00-00', 1, 3, 54, NULL, NULL);
INSERT INTO `login` VALUES (66, 'Admin GI', 'girengasdengklok', '21232f297a57a5a743894a0e4a801fc3', 'user', 'gi', '0000-00-00', 1, 3, 55, NULL, NULL);
INSERT INTO `login` VALUES (67, 'Admin GI', 'gisukamandi', '21232f297a57a5a743894a0e4a801fc3', 'user', 'gi', '0000-00-00', 1, 3, 56, NULL, NULL);
INSERT INTO `login` VALUES (68, 'Admin GI', 'gitegalherang', '21232f297a57a5a743894a0e4a801fc3', 'user', 'gi', '0000-00-00', 1, 3, 57, NULL, NULL);
INSERT INTO `login` VALUES (69, 'Admin GI', 'gitelukjambe', '21232f297a57a5a743894a0e4a801fc3', 'user', 'gi', '0000-00-00', 1, 3, 58, NULL, NULL);
INSERT INTO `login` VALUES (70, 'Admin GI', 'gicikarang', '21232f297a57a5a743894a0e4a801fc3', 'user', 'gi', '0000-00-00', 1, 3, 59, NULL, NULL);
INSERT INTO `login` VALUES (71, 'Admin GI', 'gifajarsuryawisesa', '21232f297a57a5a743894a0e4a801fc3', 'user', 'gi', '0000-00-00', 1, 3, 60, NULL, NULL);
INSERT INTO `login` VALUES (72, 'Admin GI', 'gigandamekar', '21232f297a57a5a743894a0e4a801fc3', 'user', 'gi', '0000-00-00', 1, 3, 61, NULL, NULL);
INSERT INTO `login` VALUES (73, 'Admin GI', 'gijababeka', '21232f297a57a5a743894a0e4a801fc3', 'user', 'gi', '0000-00-00', 1, 3, 62, NULL, NULL);
INSERT INTO `login` VALUES (74, 'Admin GI', 'giponcolbaru', '21232f297a57a5a743894a0e4a801fc3', 'user', 'gi', '0000-00-00', 1, 3, 63, NULL, NULL);
INSERT INTO `login` VALUES (75, 'Admin GI', 'gitambun', '21232f297a57a5a743894a0e4a801fc3', 'user', 'gi', '0000-00-00', 1, 3, 64, NULL, NULL);
INSERT INTO `login` VALUES (76, 'Admin GI', 'gitoyogiri', '21232f297a57a5a743894a0e4a801fc3', 'user', 'gi', '0000-00-00', 1, 3, 65, NULL, NULL);
INSERT INTO `login` VALUES (77, 'Admin GI', 'gihankook', '21232f297a57a5a743894a0e4a801fc3', 'user', 'gi', '0000-00-00', 1, 3, 66, NULL, NULL);
INSERT INTO `login` VALUES (78, 'Admin GI', 'gijuishin', '21232f297a57a5a743894a0e4a801fc3', 'user', 'gi', '0000-00-00', 1, 3, 67, NULL, NULL);
INSERT INTO `login` VALUES (79, 'Admin GI', 'gicileungsi', '21232f297a57a5a743894a0e4a801fc3', 'user', 'gi', '0000-00-00', 1, 3, 68, NULL, NULL);
INSERT INTO `login` VALUES (80, 'Admin GI', 'girajapaksi', '21232f297a57a5a743894a0e4a801fc3', 'user', 'gi', '0000-00-00', 1, 3, 69, NULL, NULL);
INSERT INTO `login` VALUES (81, 'Admin GI', 'giciratabaru', '21232f297a57a5a743894a0e4a801fc3', 'user', 'gi', '0000-00-00', 1, 3, 70, NULL, NULL);
INSERT INTO `login` VALUES (82, 'Admin GI', 'gicikumpay', '21232f297a57a5a743894a0e4a801fc3', 'user', 'gi', '0000-00-00', 1, 3, 71, NULL, NULL);
INSERT INTO `login` VALUES (83, 'Admin GI', 'giciganea', '21232f297a57a5a743894a0e4a801fc3', 'user', 'gi', '0000-00-00', 1, 3, 72, NULL, NULL);
INSERT INTO `login` VALUES (84, 'Admin GI', 'giindobharat', '21232f297a57a5a743894a0e4a801fc3', 'user', 'gi', '0000-00-00', 1, 3, 73, NULL, NULL);
INSERT INTO `login` VALUES (85, 'Admin GI', 'giindoramapolymer', '21232f297a57a5a743894a0e4a801fc3', 'user', 'gi', '0000-00-00', 1, 3, 74, NULL, NULL);
INSERT INTO `login` VALUES (86, 'Admin GI', 'giindoramapolychem', '21232f297a57a5a743894a0e4a801fc3', 'user', 'gi', '0000-00-00', 1, 3, 75, NULL, NULL);
INSERT INTO `login` VALUES (87, 'Admin GI', 'giindaci', '21232f297a57a5a743894a0e4a801fc3', 'user', 'gi', '0000-00-00', 1, 3, 76, NULL, NULL);
INSERT INTO `login` VALUES (88, 'Admin GI', 'gipabuaran', '21232f297a57a5a743894a0e4a801fc3', 'user', 'gi', '0000-00-00', 1, 3, 77, NULL, NULL);
INSERT INTO `login` VALUES (89, 'Admin GI', 'gipurwakarta', '21232f297a57a5a743894a0e4a801fc3', 'user', 'gi', '0000-00-00', 1, 3, 78, NULL, NULL);
INSERT INTO `login` VALUES (90, 'Admin GI', 'gisouthpasific', '21232f297a57a5a743894a0e4a801fc3', 'user', 'gi', '0000-00-00', 1, 3, 79, NULL, NULL);
INSERT INTO `login` VALUES (91, 'Admin GI', 'gitatajabar', '21232f297a57a5a743894a0e4a801fc3', 'user', 'gi', '0000-00-00', 1, 3, 80, NULL, NULL);
INSERT INTO `login` VALUES (92, 'Admin GI', 'gisubang', '21232f297a57a5a743894a0e4a801fc3', 'user', 'gi', '0000-00-00', 1, 3, 81, NULL, NULL);
INSERT INTO `login` VALUES (93, 'Admin GI', 'giarjawinangun', '21232f297a57a5a743894a0e4a801fc3', 'user', 'gi', '0000-00-00', 1, 4, 82, NULL, NULL);
INSERT INTO `login` VALUES (94, 'Admin GI', 'gibabakan', '21232f297a57a5a743894a0e4a801fc3', 'user', 'gi', '0000-00-00', 1, 4, 83, NULL, NULL);
INSERT INTO `login` VALUES (95, 'Admin GI', 'gicangkring', '21232f297a57a5a743894a0e4a801fc3', 'user', 'gi', '0000-00-00', 1, 4, 84, NULL, NULL);
INSERT INTO `login` VALUES (96, 'Admin GI', 'gihargeulis', '21232f297a57a5a743894a0e4a801fc3', 'user', 'gi', '0000-00-00', 1, 4, 85, NULL, NULL);
INSERT INTO `login` VALUES (97, 'Admin GI', 'giindramayu', '21232f297a57a5a743894a0e4a801fc3', 'user', 'gi', '0000-00-00', 1, 4, 86, NULL, NULL);
INSERT INTO `login` VALUES (98, 'Admin GI', 'gijatibarang', '21232f297a57a5a743894a0e4a801fc3', 'user', 'gi', '0000-00-00', 1, 4, 87, NULL, NULL);
INSERT INTO `login` VALUES (99, 'Admin GI', 'gikadipaten', '21232f297a57a5a743894a0e4a801fc3', 'user', 'gi', '0000-00-00', 1, 4, 88, NULL, NULL);
INSERT INTO `login` VALUES (100, 'Admin GI', 'gikuningan', '21232f297a57a5a743894a0e4a801fc3', 'user', 'gi', '0000-00-00', 1, 4, 89, NULL, NULL);
INSERT INTO `login` VALUES (101, 'Admin GI', 'gimandirancan', '21232f297a57a5a743894a0e4a801fc3', 'user', 'gi', '0000-00-00', 1, 4, 90, NULL, NULL);
INSERT INTO `login` VALUES (102, 'Admin GI', 'giparakan', '21232f297a57a5a743894a0e4a801fc3', 'user', 'gi', '0000-00-00', 1, 4, 91, NULL, NULL);
INSERT INTO `login` VALUES (103, 'Admin GI', 'gisemenpalimanan', '21232f297a57a5a743894a0e4a801fc3', 'user', 'gi', '0000-00-00', 1, 4, 92, NULL, NULL);
INSERT INTO `login` VALUES (104, 'Admin GI', 'gisunyaragi', '21232f297a57a5a743894a0e4a801fc3', 'user', 'gi', '0000-00-00', 1, 4, 93, NULL, NULL);
INSERT INTO `login` VALUES (105, 'Admin GI', 'gipltuindramayu', '21232f297a57a5a743894a0e4a801fc3', 'user', 'gi', '0000-00-00', 1, 4, 94, NULL, NULL);
INSERT INTO `login` VALUES (106, 'Admin GI', 'gibanjar', '21232f297a57a5a743894a0e4a801fc3', 'user', 'gi', '0000-00-00', 1, 4, 95, NULL, NULL);
INSERT INTO `login` VALUES (107, 'Admin GI', 'giciamis', '21232f297a57a5a743894a0e4a801fc3', 'user', 'gi', '0000-00-00', 1, 4, 96, NULL, NULL);
INSERT INTO `login` VALUES (108, 'Admin GI', 'gigarut', '21232f297a57a5a743894a0e4a801fc3', 'user', 'gi', '0000-00-00', 1, 4, 97, NULL, NULL);
INSERT INTO `login` VALUES (109, 'Admin GI', 'gikamojang', '21232f297a57a5a743894a0e4a801fc3', 'user', 'gi', '0000-00-00', 1, 4, 98, NULL, NULL);
INSERT INTO `login` VALUES (110, 'Admin GI', 'gimalangbong', '21232f297a57a5a743894a0e4a801fc3', 'user', 'gi', '0000-00-00', 1, 4, 99, NULL, NULL);
INSERT INTO `login` VALUES (111, 'Admin GI', 'gipangandaran', '21232f297a57a5a743894a0e4a801fc3', 'user', 'gi', '0000-00-00', 1, 4, 100, NULL, NULL);
INSERT INTO `login` VALUES (112, 'Admin GI', 'gipameungpeuk', '21232f297a57a5a743894a0e4a801fc3', 'user', 'gi', '0000-00-00', 1, 4, 101, NULL, NULL);
INSERT INTO `login` VALUES (113, 'Admin GI', 'gisumadra', '21232f297a57a5a743894a0e4a801fc3', 'user', 'gi', '0000-00-00', 1, 4, 102, NULL, NULL);
INSERT INTO `login` VALUES (114, 'Admin GI', 'gitasikmalaya', '21232f297a57a5a743894a0e4a801fc3', 'user', 'gi', '0000-00-00', 1, 4, 103, NULL, NULL);
INSERT INTO `login` VALUES (115, 'Admin GI', 'gitasikbaru', '21232f297a57a5a743894a0e4a801fc3', 'user', 'gi', '0000-00-00', 1, 4, 104, NULL, NULL);
INSERT INTO `login` VALUES (116, 'Admin GI', 'gicikedung', '21232f297a57a5a743894a0e4a801fc3', 'user', 'gi', '0000-00-00', 1, 4, 105, NULL, NULL);
INSERT INTO `login` VALUES (117, 'Admin GI', 'gikarangnunggal', '21232f297a57a5a743894a0e4a801fc3', 'user', 'gi', '0000-00-00', 1, 4, 106, NULL, NULL);
INSERT INTO `login` VALUES (118, 'Admin GI', 'gikttholcim', '21232f297a57a5a743894a0e4a801fc3', 'user', 'gi', '0000-00-00', 2, 5, 107, NULL, NULL);
INSERT INTO `login` VALUES (119, 'Admin GI', 'gipltucilacap', '21232f297a57a5a743894a0e4a801fc3', 'user', 'gi', '0000-00-00', 2, 5, 108, NULL, NULL);
INSERT INTO `login` VALUES (120, 'Admin GI', 'gikalibakal', '21232f297a57a5a743894a0e4a801fc3', 'user', 'gi', '0000-00-00', 2, 5, 109, NULL, NULL);
INSERT INTO `login` VALUES (121, 'Admin GI', 'gipurbalingga', '21232f297a57a5a743894a0e4a801fc3', 'user', 'gi', '0000-00-00', 2, 5, 110, NULL, NULL);
INSERT INTO `login` VALUES (122, 'Admin GI', 'gimrica', '21232f297a57a5a743894a0e4a801fc3', 'user', 'gi', '0000-00-00', 2, 5, 111, NULL, NULL);
INSERT INTO `login` VALUES (123, 'Admin GI', 'giwonosobo', '21232f297a57a5a743894a0e4a801fc3', 'user', 'gi', '0000-00-00', 2, 5, 112, NULL, NULL);
INSERT INTO `login` VALUES (124, 'Admin GI', 'gidieng', '21232f297a57a5a743894a0e4a801fc3', 'user', 'gi', '0000-00-00', 2, 5, 113, NULL, NULL);
INSERT INTO `login` VALUES (125, 'Admin GI', 'gigombong', '21232f297a57a5a743894a0e4a801fc3', 'user', 'gi', '0000-00-00', 2, 5, 114, NULL, NULL);
INSERT INTO `login` VALUES (126, 'Admin GI', 'gikebumen', '21232f297a57a5a743894a0e4a801fc3', 'user', 'gi', '0000-00-00', 2, 5, 115, NULL, NULL);
INSERT INTO `login` VALUES (127, 'Admin GI', 'girawalo', '21232f297a57a5a743894a0e4a801fc3', 'user', 'gi', '0000-00-00', 2, 5, 116, NULL, NULL);
INSERT INTO `login` VALUES (128, 'Admin GI', 'gilomanis', '21232f297a57a5a743894a0e4a801fc3', 'user', 'gi', '0000-00-00', 2, 5, 117, NULL, NULL);
INSERT INTO `login` VALUES (129, 'Admin GI', 'gisemennusantara', '21232f297a57a5a743894a0e4a801fc3', 'user', 'gi', '0000-00-00', 2, 5, 118, NULL, NULL);
INSERT INTO `login` VALUES (130, 'Admin GI', 'gimajenang', '21232f297a57a5a743894a0e4a801fc3', 'user', 'gi', '0000-00-00', 2, 5, 119, NULL, NULL);
INSERT INTO `login` VALUES (131, 'Admin GI', 'gibumiayu', '21232f297a57a5a743894a0e4a801fc3', 'user', 'gi', '0000-00-00', 2, 5, 120, NULL, NULL);
INSERT INTO `login` VALUES (132, 'Admin GI', 'gibalapulang', '21232f297a57a5a743894a0e4a801fc3', 'user', 'gi', '0000-00-00', 2, 5, 121, NULL, NULL);
INSERT INTO `login` VALUES (133, 'Admin GI', 'gibrebes', '21232f297a57a5a743894a0e4a801fc3', 'user', 'gi', '0000-00-00', 2, 5, 122, NULL, NULL);
INSERT INTO `login` VALUES (134, 'Admin GI', 'gikebasen', '21232f297a57a5a743894a0e4a801fc3', 'user', 'gi', '0000-00-00', 2, 5, 123, NULL, NULL);
INSERT INTO `login` VALUES (135, 'Admin GI', 'gipemalang', '21232f297a57a5a743894a0e4a801fc3', 'user', 'gi', '0000-00-00', 2, 5, 124, NULL, NULL);
INSERT INTO `login` VALUES (136, 'Admin GI', 'gipekalongan', '21232f297a57a5a743894a0e4a801fc3', 'user', 'gi', '0000-00-00', 2, 5, 125, NULL, NULL);
INSERT INTO `login` VALUES (137, 'Admin GI', 'gibatang', '21232f297a57a5a743894a0e4a801fc3', 'user', 'gi', '0000-00-00', 2, 5, 126, NULL, NULL);
INSERT INTO `login` VALUES (138, 'Admin GI', 'gikesugihan', '21232f297a57a5a743894a0e4a801fc3', 'user', 'gi', '0000-00-00', 2, 5, 127, NULL, NULL);
INSERT INTO `login` VALUES (139, 'Admin GI', 'gibawen', '21232f297a57a5a743894a0e4a801fc3', 'user', 'gi', '0000-00-00', 2, 6, 128, NULL, NULL);
INSERT INTO `login` VALUES (140, 'Admin GI', 'gibringin', '21232f297a57a5a743894a0e4a801fc3', 'user', 'gi', '0000-00-00', 2, 6, 129, NULL, NULL);
INSERT INTO `login` VALUES (141, 'Admin GI', 'gijelok', '21232f297a57a5a743894a0e4a801fc3', 'user', 'gi', '0000-00-00', 2, 6, 130, NULL, NULL);
INSERT INTO `login` VALUES (142, 'Admin GI', 'gimojosongo', '21232f297a57a5a743894a0e4a801fc3', 'user', 'gi', '0000-00-00', 2, 6, 131, NULL, NULL);
INSERT INTO `login` VALUES (143, 'Admin GI', 'gibanyudono', '21232f297a57a5a743894a0e4a801fc3', 'user', 'gi', '0000-00-00', 2, 6, 132, NULL, NULL);
INSERT INTO `login` VALUES (144, 'Admin GI', 'gijajar', '21232f297a57a5a743894a0e4a801fc3', 'user', 'gi', '0000-00-00', 2, 6, 133, NULL, NULL);
INSERT INTO `login` VALUES (145, 'Admin GI', 'gimangkunegaran', '21232f297a57a5a743894a0e4a801fc3', 'user', 'gi', '0000-00-00', 2, 6, 134, NULL, NULL);
INSERT INTO `login` VALUES (146, 'Admin GI', 'gipalur', '21232f297a57a5a743894a0e4a801fc3', 'user', 'gi', '0000-00-00', 2, 6, 135, NULL, NULL);
INSERT INTO `login` VALUES (147, 'Admin GI', 'gisolobaru', '21232f297a57a5a743894a0e4a801fc3', 'user', 'gi', '0000-00-00', 2, 6, 136, NULL, NULL);
INSERT INTO `login` VALUES (148, 'Admin GI', 'gisragen', '21232f297a57a5a743894a0e4a801fc3', 'user', 'gi', '0000-00-00', 2, 6, 137, NULL, NULL);
INSERT INTO `login` VALUES (149, 'Admin GI', 'giwonogiri', '21232f297a57a5a743894a0e4a801fc3', 'user', 'gi', '0000-00-00', 2, 6, 138, NULL, NULL);
INSERT INTO `login` VALUES (150, 'Admin GI', 'gimasaran', '21232f297a57a5a743894a0e4a801fc3', 'user', 'gi', '0000-00-00', 2, 6, 139, NULL, NULL);
INSERT INTO `login` VALUES (151, 'Admin GI', 'giwonosari', '21232f297a57a5a743894a0e4a801fc3', 'user', 'gi', '0000-00-00', 2, 6, 140, NULL, NULL);
INSERT INTO `login` VALUES (152, 'Admin GI', 'gipedan', '21232f297a57a5a743894a0e4a801fc3', 'user', 'gi', '0000-00-00', 2, 6, 141, NULL, NULL);
INSERT INTO `login` VALUES (153, 'Admin GI', 'gigondangrejo', '21232f297a57a5a743894a0e4a801fc3', 'user', 'gi', '0000-00-00', 2, 6, 142, NULL, NULL);
INSERT INTO `login` VALUES (154, 'Admin GI', 'ginguntoronadi', '21232f297a57a5a743894a0e4a801fc3', 'user', 'gi', '0000-00-00', 2, 6, 143, NULL, NULL);
INSERT INTO `login` VALUES (155, 'Admin GI', 'giklaten', '21232f297a57a5a743894a0e4a801fc3', 'user', 'gi', '0000-00-00', 2, 6, 144, NULL, NULL);
INSERT INTO `login` VALUES (156, 'Admin GI', 'gisanggrahan', '21232f297a57a5a743894a0e4a801fc3', 'user', 'gi', '0000-00-00', 2, 6, 145, NULL, NULL);
INSERT INTO `login` VALUES (157, 'Admin GI', 'gisecang', '21232f297a57a5a743894a0e4a801fc3', 'user', 'gi', '0000-00-00', 2, 6, 146, NULL, NULL);
INSERT INTO `login` VALUES (158, 'Admin GI', 'gitemanggung', '21232f297a57a5a743894a0e4a801fc3', 'user', 'gi', '0000-00-00', 2, 6, 147, NULL, NULL);
INSERT INTO `login` VALUES (159, 'Admin GI', 'gipurworejo', '21232f297a57a5a743894a0e4a801fc3', 'user', 'gi', '0000-00-00', 2, 6, 148, NULL, NULL);
INSERT INTO `login` VALUES (160, 'Admin GI', 'gibantul', '21232f297a57a5a743894a0e4a801fc3', 'user', 'gi', '0000-00-00', 2, 6, 149, NULL, NULL);
INSERT INTO `login` VALUES (161, 'Admin GI', 'gigejayan', '21232f297a57a5a743894a0e4a801fc3', 'user', 'gi', '0000-00-00', 2, 6, 150, NULL, NULL);
INSERT INTO `login` VALUES (162, 'Admin GI', 'gigodean', '21232f297a57a5a743894a0e4a801fc3', 'user', 'gi', '0000-00-00', 2, 6, 151, NULL, NULL);
INSERT INTO `login` VALUES (163, 'Admin GI', 'gikentungan', '21232f297a57a5a743894a0e4a801fc3', 'user', 'gi', '0000-00-00', 2, 6, 152, NULL, NULL);
INSERT INTO `login` VALUES (164, 'Admin GI', 'gimedari', '21232f297a57a5a743894a0e4a801fc3', 'user', 'gi', '0000-00-00', 2, 6, 153, NULL, NULL);
INSERT INTO `login` VALUES (165, 'Admin GI', 'gisemanu', '21232f297a57a5a743894a0e4a801fc3', 'user', 'gi', '0000-00-00', 2, 6, 154, NULL, NULL);
INSERT INTO `login` VALUES (166, 'Admin GI', 'giwates', '21232f297a57a5a743894a0e4a801fc3', 'user', 'gi', '0000-00-00', 2, 6, 155, NULL, NULL);
INSERT INTO `login` VALUES (167, 'Admin GI', 'giwirobrajan', '21232f297a57a5a743894a0e4a801fc3', 'user', 'gi', '0000-00-00', 2, 6, 156, NULL, NULL);
INSERT INTO `login` VALUES (168, 'Admin GI', 'giwadaslintang', '21232f297a57a5a743894a0e4a801fc3', 'user', 'gi', '0000-00-00', 2, 6, 157, NULL, NULL);
INSERT INTO `login` VALUES (169, 'Admin GI', 'giblora', '21232f297a57a5a743894a0e4a801fc3', 'user', 'gi', '0000-00-00', 2, 7, 158, NULL, NULL);
INSERT INTO `login` VALUES (170, 'Admin GI', 'gibsb', '21232f297a57a5a743894a0e4a801fc3', 'user', 'gi', '0000-00-00', 2, 7, 159, NULL, NULL);
INSERT INTO `login` VALUES (171, 'Admin GI', 'gicepu', '21232f297a57a5a743894a0e4a801fc3', 'user', 'gi', '0000-00-00', 2, 7, 160, NULL, NULL);
INSERT INTO `login` VALUES (172, 'Admin GI', 'gijekulo', '21232f297a57a5a743894a0e4a801fc3', 'user', 'gi', '0000-00-00', 2, 7, 161, NULL, NULL);
INSERT INTO `login` VALUES (173, 'Admin GI', 'gijepara', '21232f297a57a5a743894a0e4a801fc3', 'user', 'gi', '0000-00-00', 2, 7, 162, NULL, NULL);
INSERT INTO `login` VALUES (174, 'Admin GI', 'gikaliwungu', '21232f297a57a5a743894a0e4a801fc3', 'user', 'gi', '0000-00-00', 2, 7, 163, NULL, NULL);
INSERT INTO `login` VALUES (175, 'Admin GI', 'gikedungombo', '21232f297a57a5a743894a0e4a801fc3', 'user', 'gi', '0000-00-00', 2, 7, 164, NULL, NULL);
INSERT INTO `login` VALUES (176, 'Admin GI', 'gikrapyak', '21232f297a57a5a743894a0e4a801fc3', 'user', 'gi', '0000-00-00', 2, 7, 165, NULL, NULL);
INSERT INTO `login` VALUES (177, 'Admin GI', 'gikudus', '21232f297a57a5a743894a0e4a801fc3', 'user', 'gi', '0000-00-00', 2, 7, 166, NULL, NULL);
INSERT INTO `login` VALUES (178, 'Admin GI', 'gimranggen', '21232f297a57a5a743894a0e4a801fc3', 'user', 'gi', '0000-00-00', 2, 7, 167, NULL, NULL);
INSERT INTO `login` VALUES (179, 'Admin GI', 'gipandeanlamper', '21232f297a57a5a743894a0e4a801fc3', 'user', 'gi', '0000-00-00', 2, 7, 168, NULL, NULL);
INSERT INTO `login` VALUES (180, 'Admin GI', 'gipati', '21232f297a57a5a743894a0e4a801fc3', 'user', 'gi', '0000-00-00', 2, 7, 169, NULL, NULL);
INSERT INTO `login` VALUES (181, 'Admin GI', 'gipurwodadi', '21232f297a57a5a743894a0e4a801fc3', 'user', 'gi', '0000-00-00', 2, 7, 170, NULL, NULL);
INSERT INTO `login` VALUES (182, 'Admin GI', 'girembang', '21232f297a57a5a743894a0e4a801fc3', 'user', 'gi', '0000-00-00', 2, 7, 171, NULL, NULL);
INSERT INTO `login` VALUES (183, 'Admin GI', 'gisayung', '21232f297a57a5a743894a0e4a801fc3', 'user', 'gi', '0000-00-00', 2, 7, 172, NULL, NULL);
INSERT INTO `login` VALUES (184, 'Admin GI', 'gisrondol', '21232f297a57a5a743894a0e4a801fc3', 'user', 'gi', '0000-00-00', 2, 7, 173, NULL, NULL);
INSERT INTO `login` VALUES (185, 'Admin GI', 'gitambaklorok', '21232f297a57a5a743894a0e4a801fc3', 'user', 'gi', '0000-00-00', 2, 7, 174, NULL, NULL);
INSERT INTO `login` VALUES (186, 'Admin GI', 'gitanjungjati', '21232f297a57a5a743894a0e4a801fc3', 'user', 'gi', '0000-00-00', 2, 7, 175, NULL, NULL);
INSERT INTO `login` VALUES (187, 'Admin GI', 'giungaran', '21232f297a57a5a743894a0e4a801fc3', 'user', 'gi', '0000-00-00', 2, 7, 176, NULL, NULL);
INSERT INTO `login` VALUES (188, 'Admin GI', 'giweleri', '21232f297a57a5a743894a0e4a801fc3', 'user', 'gi', '0000-00-00', 2, 7, 177, NULL, NULL);
INSERT INTO `login` VALUES (189, 'Admin GI', 'gikalisari', '21232f297a57a5a743894a0e4a801fc3', 'user', 'gi', '0000-00-00', 2, 7, 178, NULL, NULL);
INSERT INTO `login` VALUES (190, 'Admin GI', 'gipudakpayung', '21232f297a57a5a743894a0e4a801fc3', 'user', 'gi', '0000-00-00', 2, 7, 179, NULL, NULL);
INSERT INTO `login` VALUES (191, 'Admin GI', 'girandugarut', '21232f297a57a5a743894a0e4a801fc3', 'user', 'gi', '0000-00-00', 2, 7, 180, NULL, NULL);
INSERT INTO `login` VALUES (192, 'Admin GI', 'gisimpanglima', '21232f297a57a5a743894a0e4a801fc3', 'user', 'gi', '0000-00-00', 2, 7, 181, NULL, NULL);
INSERT INTO `login` VALUES (193, 'Admin GI', 'gipolysindo', '21232f297a57a5a743894a0e4a801fc3', 'user', 'gi', '0000-00-00', 2, 7, 182, NULL, NULL);
INSERT INTO `login` VALUES (194, 'Admin GI', 'gisemenindonesia', '21232f297a57a5a743894a0e4a801fc3', 'user', 'gi', '0000-00-00', 2, 7, 183, NULL, NULL);
INSERT INTO `login` VALUES (195, 'Manajer APP', 'mapp1.app@pln.co.id', '21232f297a57a5a743894a0e4a801fc3', 'manajer', 'app', '0000-00-00', 1, 1, NULL, NULL, NULL);
INSERT INTO `login` VALUES (196, 'Manajer APP', 'mapp2.app@pln.co.id', '21232f297a57a5a743894a0e4a801fc3', 'manajer', 'app', '0000-00-00', 1, 2, NULL, NULL, NULL);
INSERT INTO `login` VALUES (197, 'Manajer APP', 'mapp3.app@pln.co.id', '21232f297a57a5a743894a0e4a801fc3', 'manajer', 'app', '0000-00-00', 1, 3, NULL, NULL, NULL);
INSERT INTO `login` VALUES (198, 'Manajer APP', 'mapp4.app@pln.co.id', '21232f297a57a5a743894a0e4a801fc3', 'manajer', 'app', '0000-00-00', 1, 4, NULL, NULL, NULL);
INSERT INTO `login` VALUES (199, 'Manajer APP', 'mapp5.app@pln.co.id', '21232f297a57a5a743894a0e4a801fc3', 'manajer', 'app', '0000-00-00', 2, 5, NULL, NULL, NULL);
INSERT INTO `login` VALUES (200, 'Manajer APP', 'mapp6.app@pln.co.id', '21232f297a57a5a743894a0e4a801fc3', 'manajer', 'app', '0000-00-00', 2, 6, NULL, NULL, NULL);
INSERT INTO `login` VALUES (201, 'Manajer APP', 'mapp7.app@pln.co.id', '21232f297a57a5a743894a0e4a801fc3', 'manajer', 'app', '0000-00-00', 2, 7, NULL, NULL, NULL);
INSERT INTO `login` VALUES (202, 'Ass Manajer APP', 'asmapp1.app@pln.co.id', '21232f297a57a5a743894a0e4a801fc3', 'asman', 'app', '0000-00-00', 1, 1, NULL, NULL, NULL);
INSERT INTO `login` VALUES (203, 'Ass Manajer APP', 'asmapp2.app@pln.co.id', '21232f297a57a5a743894a0e4a801fc3', 'asman', 'app', '0000-00-00', 1, 2, NULL, NULL, NULL);
INSERT INTO `login` VALUES (204, 'Ass Manajer APP', 'asmapp3.app@pln.co.id', '21232f297a57a5a743894a0e4a801fc3', 'asman', 'app', '0000-00-00', 1, 3, NULL, NULL, NULL);
INSERT INTO `login` VALUES (205, 'Ass Manajer APP', 'asmapp4.app@pln.co.id', '21232f297a57a5a743894a0e4a801fc3', 'asman', 'app', '0000-00-00', 1, 4, NULL, NULL, NULL);
INSERT INTO `login` VALUES (206, 'Ass Manajer APP', 'asmapp5.app@pln.co.id', '21232f297a57a5a743894a0e4a801fc3', 'asman', 'app', '0000-00-00', 2, 5, NULL, NULL, NULL);
INSERT INTO `login` VALUES (207, 'Ass Manajer APP', 'asmapp6.app@pln.co.id', '21232f297a57a5a743894a0e4a801fc3', 'asman', 'app', '0000-00-00', 2, 6, NULL, NULL, NULL);
INSERT INTO `login` VALUES (208, 'Ass Manajer APP', 'asmapp7.app@pln.co.id', '21232f297a57a5a743894a0e4a801fc3', 'asman', 'app', '0000-00-00', 2, 7, NULL, NULL, NULL);
INSERT INTO `login` VALUES (209, 'Admin GI', 'giappbogor', '21232f297a57a5a743894a0e4a801fc3', 'user', 'gi', '0000-00-00', 1, 1, 184, NULL, NULL);
INSERT INTO `login` VALUES (210, 'Admin GI', 'giubrug', '21232f297a57a5a743894a0e4a801fc3', 'user', 'gi', '0000-00-00', 1, 1, 185, NULL, NULL);
INSERT INTO `login` VALUES (211, 'Admin GI', 'gicibinong', '21232f297a57a5a743894a0e4a801fc3', 'user', 'gi', '0000-00-00', 1, 1, 186, NULL, NULL);
INSERT INTO `login` VALUES (212, 'Admin GI', 'giwayangwindu', '21232f297a57a5a743894a0e4a801fc3', 'user', 'gi', '0000-00-00', 1, 2, 187, NULL, NULL);
INSERT INTO `login` VALUES (213, 'Admin GI', 'giplengan', '21232f297a57a5a743894a0e4a801fc3', 'user', 'gi', '0000-00-00', 1, 2, 188, NULL, NULL);
INSERT INTO `login` VALUES (214, 'Admin GI', 'gibandungtimur', '21232f297a57a5a743894a0e4a801fc3', 'user', 'gi', '0000-00-00', 1, 2, 189, NULL, NULL);
INSERT INTO `login` VALUES (215, 'Admin GI', 'gicikalong', '21232f297a57a5a743894a0e4a801fc3', 'user', 'gi', '0000-00-00', 1, 2, 190, NULL, NULL);
INSERT INTO `login` VALUES (216, 'Admin GI', 'gilamajan', '21232f297a57a5a743894a0e4a801fc3', 'user', 'gi', '0000-00-00', 1, 2, 191, NULL, NULL);
INSERT INTO `login` VALUES (217, 'Admin GI', 'gibandungselatan', '21232f297a57a5a743894a0e4a801fc3', 'user', 'gi', '0000-00-00', 1, 2, 192, NULL, NULL);
INSERT INTO `login` VALUES (218, 'Admin GI', 'ginewujungberung', '21232f297a57a5a743894a0e4a801fc3', 'user', 'gi', '0000-00-00', 1, 2, 193, NULL, NULL);
INSERT INTO `login` VALUES (219, 'Admin GI', 'giponcol', '21232f297a57a5a743894a0e4a801fc3', 'user', 'gi', '0000-00-00', 1, 3, 194, NULL, NULL);
INSERT INTO `login` VALUES (220, 'Admin GI', 'gitet500kvcibatu', '21232f297a57a5a743894a0e4a801fc3', 'user', 'gi', '0000-00-00', 1, 3, 195, NULL, NULL);
INSERT INTO `login` VALUES (221, 'Admin GI', 'gitet500kvcirata', '21232f297a57a5a743894a0e4a801fc3', 'user', 'gi', '0000-00-00', 1, 3, 196, NULL, NULL);
INSERT INTO `login` VALUES (222, 'Admin GI', 'gitet500kvmandirancan', '21232f297a57a5a743894a0e4a801fc3', 'user', 'gi', '0000-00-00', 1, 3, 197, NULL, NULL);
INSERT INTO `login` VALUES (223, 'Admin GI', 'gitet500kvtasikmalaya', '21232f297a57a5a743894a0e4a801fc3', 'user', 'gi', '0000-00-00', 1, 3, 198, NULL, NULL);
INSERT INTO `login` VALUES (224, 'Admin GI', 'gudangp3bjbapppwkerto', '21232f297a57a5a743894a0e4a801fc3', 'user', 'gi', '0000-00-00', 2, 5, 199, NULL, NULL);
INSERT INTO `login` VALUES (225, 'Admin GI', 'gitet500kvpedan', '21232f297a57a5a743894a0e4a801fc3', 'user', 'gi', '0000-00-00', 2, 6, 200, NULL, NULL);
INSERT INTO `login` VALUES (226, 'Admin GI', 'gibumisemarangbaru', '21232f297a57a5a743894a0e4a801fc3', 'user', 'gi', '0000-00-00', 2, 7, 201, NULL, NULL);
INSERT INTO `login` VALUES (227, 'Admin GI', 'gigitet500kvungaran', '21232f297a57a5a743894a0e4a801fc3', 'user', 'gi', '0000-00-00', 2, 7, 202, NULL, NULL);
INSERT INTO `login` VALUES (228, 'Admin GI', 'gipurwakarta', '21232f297a57a5a743894a0e4a801fc3', 'user', 'gi', '0000-00-00', 1, 3, 203, NULL, NULL);
INSERT INTO `login` VALUES (229, 'Admin GI', 'gipltuindramayu', '21232f297a57a5a743894a0e4a801fc3', 'user', 'gi', '0000-00-00', 1, 4, 204, NULL, NULL);
INSERT INTO `login` VALUES (230, 'Bidang Kontruksi', 'admin.bk-ki@pln.co.id', '21232f297a57a5a743894a0e4a801fc3', 'user', 'appki', '0000-00-00', NULL, 99, NULL, 4, NULL);
INSERT INTO `login` VALUES (231, 'Bidang Perencanaan', 'admin.br-ki@pln.co.id', '21232f297a57a5a743894a0e4a801fc3', 'user', 'appki', '0000-00-00', NULL, 99, NULL, 2, NULL);
INSERT INTO `login` VALUES (232, 'Bidang KSA', 'admin.bksa-ki@pln.co.id', '21232f297a57a5a743894a0e4a801fc3', 'user', 'appki', '0000-00-00', NULL, 99, NULL, 3, NULL);
INSERT INTO `login` VALUES (233, 'Bidang Pemeliharaan', 'admin.bp-ki@pln.co.id', '21232f297a57a5a743894a0e4a801fc3', 'user', 'appki', '0000-00-00', NULL, 99, NULL, 5, NULL);

-- ----------------------------
-- Table structure for loglogin
-- ----------------------------
DROP TABLE IF EXISTS `loglogin`;
CREATE TABLE `loglogin`  (
  `kodelog` int(5) NOT NULL AUTO_INCREMENT,
  `kodelogin` int(5) NULL DEFAULT NULL,
  `kodeaplikasi` int(5) NULL DEFAULT NULL,
  `tgllogin` datetime(0) NULL DEFAULT NULL,
  PRIMARY KEY (`kodelog`) USING BTREE
) ENGINE = InnoDB AUTO_INCREMENT = 389 CHARACTER SET = latin1 COLLATE = latin1_swedish_ci ROW_FORMAT = Compact;

-- ----------------------------
-- Records of loglogin
-- ----------------------------
INSERT INTO `loglogin` VALUES (11, 1, 1, '2017-07-18 15:17:25');
INSERT INTO `loglogin` VALUES (12, 1, 1, '2017-07-18 15:19:45');
INSERT INTO `loglogin` VALUES (13, 1, 2, '2017-07-18 15:20:00');
INSERT INTO `loglogin` VALUES (14, 1, 1, '2017-07-19 09:34:42');
INSERT INTO `loglogin` VALUES (15, 2, 1, '2017-07-19 09:45:00');
INSERT INTO `loglogin` VALUES (16, 2, 1, '2017-07-19 09:45:04');
INSERT INTO `loglogin` VALUES (17, 2, 1, '2017-07-19 10:00:40');
INSERT INTO `loglogin` VALUES (18, 1, 0, '0000-00-00 00:00:00');
INSERT INTO `loglogin` VALUES (19, 1, 0, '0000-00-00 00:00:00');
INSERT INTO `loglogin` VALUES (20, 1, 1, '2017-07-19 16:34:16');
INSERT INTO `loglogin` VALUES (21, 1, 2, '2017-07-19 17:28:13');
INSERT INTO `loglogin` VALUES (22, 1, 1, '2017-07-19 17:28:18');
INSERT INTO `loglogin` VALUES (23, 1, 2, '2017-07-19 17:28:23');
INSERT INTO `loglogin` VALUES (24, 1, 2, '2017-07-19 17:29:01');
INSERT INTO `loglogin` VALUES (25, 1, 3, '2017-07-31 10:51:08');
INSERT INTO `loglogin` VALUES (26, 1, 3, '2017-08-01 09:29:43');
INSERT INTO `loglogin` VALUES (27, 1, 3, '2017-08-01 09:30:23');
INSERT INTO `loglogin` VALUES (28, 1, 3, '2017-08-01 09:30:48');
INSERT INTO `loglogin` VALUES (29, 1, 3, '2017-08-07 12:00:19');
INSERT INTO `loglogin` VALUES (30, 1, 3, '2017-08-07 14:17:29');
INSERT INTO `loglogin` VALUES (31, 1, 3, '2017-08-07 14:20:48');
INSERT INTO `loglogin` VALUES (32, 1, 3, '2017-08-07 14:34:54');
INSERT INTO `loglogin` VALUES (33, 1, 3, '2017-08-07 15:03:21');
INSERT INTO `loglogin` VALUES (34, 1, 3, '2017-08-07 16:18:24');
INSERT INTO `loglogin` VALUES (35, 1, 3, '2017-08-07 17:15:50');
INSERT INTO `loglogin` VALUES (36, 1, 3, '2017-08-08 09:08:33');
INSERT INTO `loglogin` VALUES (37, 1, 3, '2017-08-08 10:08:32');
INSERT INTO `loglogin` VALUES (38, 1, 3, '2017-08-08 12:00:25');
INSERT INTO `loglogin` VALUES (39, 1, 3, '2017-08-08 13:17:59');
INSERT INTO `loglogin` VALUES (40, 1, 3, '2017-08-09 14:21:42');
INSERT INTO `loglogin` VALUES (41, 2, 3, '2017-08-11 14:59:04');
INSERT INTO `loglogin` VALUES (42, 2, 3, '2017-08-11 15:49:17');
INSERT INTO `loglogin` VALUES (43, 3, 3, '2017-08-14 08:54:21');
INSERT INTO `loglogin` VALUES (44, 3, 3, '2017-08-14 09:01:49');
INSERT INTO `loglogin` VALUES (45, 3, 3, '2017-08-14 09:03:30');
INSERT INTO `loglogin` VALUES (46, 2, 3, '2017-08-14 09:11:28');
INSERT INTO `loglogin` VALUES (47, 2, 3, '2017-08-14 09:13:11');
INSERT INTO `loglogin` VALUES (48, 3, 3, '2017-08-14 09:20:50');
INSERT INTO `loglogin` VALUES (49, 2, 3, '2017-08-14 09:21:39');
INSERT INTO `loglogin` VALUES (50, 2, 3, '2017-08-14 10:01:28');
INSERT INTO `loglogin` VALUES (51, 3, 3, '2017-08-14 10:01:55');
INSERT INTO `loglogin` VALUES (52, 2, 3, '2017-08-14 10:17:15');
INSERT INTO `loglogin` VALUES (53, 2, 3, '2017-08-14 10:29:46');
INSERT INTO `loglogin` VALUES (54, 3, 3, '2017-08-14 10:30:37');
INSERT INTO `loglogin` VALUES (55, 2, 3, '2017-08-15 08:38:48');
INSERT INTO `loglogin` VALUES (56, 3, 3, '2017-08-15 09:55:07');
INSERT INTO `loglogin` VALUES (57, 3, 3, '2017-08-15 09:56:43');
INSERT INTO `loglogin` VALUES (58, 2, 3, '2017-08-15 11:40:13');
INSERT INTO `loglogin` VALUES (59, 3, 3, '2017-08-15 11:44:02');
INSERT INTO `loglogin` VALUES (60, 2, 3, '2017-08-16 10:52:57');
INSERT INTO `loglogin` VALUES (61, 3, 3, '2017-08-16 10:53:11');
INSERT INTO `loglogin` VALUES (62, 4, 3, '2017-08-25 08:28:52');
INSERT INTO `loglogin` VALUES (63, 2, 3, '2017-08-25 09:32:32');
INSERT INTO `loglogin` VALUES (64, 3, 3, '2017-08-25 09:33:12');
INSERT INTO `loglogin` VALUES (65, 3, 3, '2017-08-25 09:50:38');
INSERT INTO `loglogin` VALUES (66, 4, 3, '2017-08-25 10:20:27');
INSERT INTO `loglogin` VALUES (67, 2, 3, '2017-08-25 10:31:00');
INSERT INTO `loglogin` VALUES (68, 4, 3, '2017-08-25 11:31:22');
INSERT INTO `loglogin` VALUES (69, 2, 3, '2017-08-25 14:50:42');
INSERT INTO `loglogin` VALUES (70, 2, 3, '2017-08-25 14:53:49');
INSERT INTO `loglogin` VALUES (71, 3, 3, '2017-08-25 14:54:00');
INSERT INTO `loglogin` VALUES (72, 5, 3, '2017-08-25 16:23:03');
INSERT INTO `loglogin` VALUES (73, 3, 3, '2017-08-29 10:14:29');
INSERT INTO `loglogin` VALUES (74, 2, 3, '2017-08-29 11:00:08');
INSERT INTO `loglogin` VALUES (75, 3, 3, '2017-08-29 11:25:50');
INSERT INTO `loglogin` VALUES (76, 4, 3, '2017-08-29 11:37:05');
INSERT INTO `loglogin` VALUES (77, 3, 3, '2017-08-29 11:37:41');
INSERT INTO `loglogin` VALUES (78, 4, 3, '2017-08-29 11:38:06');
INSERT INTO `loglogin` VALUES (79, 3, 3, '2017-08-29 14:09:52');
INSERT INTO `loglogin` VALUES (80, 2, 3, '2017-08-29 15:55:07');
INSERT INTO `loglogin` VALUES (81, 2, 3, '2017-08-29 16:21:59');
INSERT INTO `loglogin` VALUES (82, 2, 3, '2017-08-29 17:06:58');
INSERT INTO `loglogin` VALUES (83, 3, 3, '2017-08-30 08:33:00');
INSERT INTO `loglogin` VALUES (84, 4, 3, '2017-08-30 08:33:27');
INSERT INTO `loglogin` VALUES (85, 2, 3, '2017-08-30 08:52:22');
INSERT INTO `loglogin` VALUES (86, 2, 3, '2017-08-30 10:12:36');
INSERT INTO `loglogin` VALUES (87, 3, 3, '2017-08-30 10:20:58');
INSERT INTO `loglogin` VALUES (88, 5, 3, '2017-08-30 10:55:34');
INSERT INTO `loglogin` VALUES (89, 3, 3, '2017-08-30 11:30:05');
INSERT INTO `loglogin` VALUES (90, 4, 3, '2017-08-30 15:10:04');
INSERT INTO `loglogin` VALUES (91, 3, 3, '2017-08-30 15:12:06');
INSERT INTO `loglogin` VALUES (92, 2, 3, '2017-08-30 16:25:18');
INSERT INTO `loglogin` VALUES (93, 3, 3, '2017-08-31 10:26:11');
INSERT INTO `loglogin` VALUES (94, 4, 3, '2017-09-05 08:53:24');
INSERT INTO `loglogin` VALUES (95, 3, 3, '2017-09-05 09:07:55');
INSERT INTO `loglogin` VALUES (96, 2, 3, '2017-09-05 09:54:51');
INSERT INTO `loglogin` VALUES (97, 3, 3, '2017-09-05 11:39:23');
INSERT INTO `loglogin` VALUES (98, 5, 3, '2017-09-05 11:56:29');
INSERT INTO `loglogin` VALUES (99, 3, 3, '2017-09-08 14:54:53');
INSERT INTO `loglogin` VALUES (100, 2, 3, '2017-09-11 14:25:29');
INSERT INTO `loglogin` VALUES (101, 3, 3, '2017-09-11 15:05:30');
INSERT INTO `loglogin` VALUES (102, 4, 3, '2017-09-11 15:40:15');
INSERT INTO `loglogin` VALUES (103, 5, 3, '2017-09-11 15:40:34');
INSERT INTO `loglogin` VALUES (104, 4, 3, '2017-09-11 16:11:29');
INSERT INTO `loglogin` VALUES (105, 3, 3, '2017-09-11 16:24:21');
INSERT INTO `loglogin` VALUES (106, 5, 3, '2017-09-11 16:24:52');
INSERT INTO `loglogin` VALUES (107, 4, 3, '2017-09-11 16:27:21');
INSERT INTO `loglogin` VALUES (108, 3, 3, '2017-09-11 16:27:34');
INSERT INTO `loglogin` VALUES (109, 4, 3, '2017-09-11 21:41:39');
INSERT INTO `loglogin` VALUES (110, 3, 3, '2017-09-11 21:52:56');
INSERT INTO `loglogin` VALUES (111, 2, 3, '2017-09-11 22:41:08');
INSERT INTO `loglogin` VALUES (112, 2, 3, '2017-09-11 23:34:48');
INSERT INTO `loglogin` VALUES (113, 3, 3, '2017-09-12 08:48:13');
INSERT INTO `loglogin` VALUES (114, 3, 3, '2017-09-12 10:41:08');
INSERT INTO `loglogin` VALUES (115, 4, 3, '2017-09-12 11:49:46');
INSERT INTO `loglogin` VALUES (116, 5, 3, '2017-09-12 11:50:27');
INSERT INTO `loglogin` VALUES (117, 5, 3, '2017-09-12 11:52:03');
INSERT INTO `loglogin` VALUES (118, 3, 3, '2017-09-12 12:01:51');
INSERT INTO `loglogin` VALUES (119, 5, 3, '2017-09-12 12:05:23');
INSERT INTO `loglogin` VALUES (120, 3, 3, '2017-09-12 12:07:15');
INSERT INTO `loglogin` VALUES (121, 3, 3, '2017-09-12 14:11:13');
INSERT INTO `loglogin` VALUES (122, 33, 3, '2017-09-13 15:56:25');
INSERT INTO `loglogin` VALUES (123, 6, 3, '2017-09-14 10:36:52');
INSERT INTO `loglogin` VALUES (124, 2, 3, '2017-09-14 10:50:49');
INSERT INTO `loglogin` VALUES (125, 12, 3, '2017-09-14 11:11:22');
INSERT INTO `loglogin` VALUES (126, 6, 3, '2017-09-14 11:15:34');
INSERT INTO `loglogin` VALUES (127, 2, 3, '2017-09-14 11:19:08');
INSERT INTO `loglogin` VALUES (128, 10, 3, '2017-09-14 13:09:38');
INSERT INTO `loglogin` VALUES (129, 2, 3, '2017-09-14 13:10:34');
INSERT INTO `loglogin` VALUES (130, 6, 3, '2017-09-14 13:36:36');
INSERT INTO `loglogin` VALUES (131, 2, 3, '2017-09-14 13:37:06');
INSERT INTO `loglogin` VALUES (132, 6, 3, '2017-09-14 13:55:23');
INSERT INTO `loglogin` VALUES (133, 2, 3, '2017-09-14 14:17:27');
INSERT INTO `loglogin` VALUES (134, 10, 3, '2017-09-14 15:28:01');
INSERT INTO `loglogin` VALUES (135, 2, 3, '2017-09-14 15:28:49');
INSERT INTO `loglogin` VALUES (136, 12, 3, '2017-09-15 09:02:08');
INSERT INTO `loglogin` VALUES (137, 5, 3, '2017-09-15 09:03:20');
INSERT INTO `loglogin` VALUES (138, 5, 3, '2017-09-15 13:45:49');
INSERT INTO `loglogin` VALUES (139, 3, 3, '2017-09-15 14:05:56');
INSERT INTO `loglogin` VALUES (140, 2, 3, '2017-09-15 14:25:01');
INSERT INTO `loglogin` VALUES (141, 5, 3, '2017-09-18 10:50:09');
INSERT INTO `loglogin` VALUES (142, 3, 3, '2017-09-18 10:51:03');
INSERT INTO `loglogin` VALUES (143, 2, 3, '2017-09-18 13:02:15');
INSERT INTO `loglogin` VALUES (144, 3, 3, '2017-09-18 13:17:24');
INSERT INTO `loglogin` VALUES (145, 5, 3, '2017-09-18 13:19:17');
INSERT INTO `loglogin` VALUES (146, 5, 3, '2017-09-18 13:25:40');
INSERT INTO `loglogin` VALUES (147, 5, 3, '2017-09-18 13:26:59');
INSERT INTO `loglogin` VALUES (148, 12, 3, '2017-09-18 13:31:27');
INSERT INTO `loglogin` VALUES (149, 6, 3, '2017-09-18 13:38:42');
INSERT INTO `loglogin` VALUES (150, 12, 3, '2017-09-18 13:58:28');
INSERT INTO `loglogin` VALUES (151, 12, 3, '2017-09-18 14:05:06');
INSERT INTO `loglogin` VALUES (152, 5, 3, '2017-09-18 14:06:32');
INSERT INTO `loglogin` VALUES (153, 5, 3, '2017-09-18 17:14:04');
INSERT INTO `loglogin` VALUES (154, 5, 3, '2017-09-18 17:16:16');
INSERT INTO `loglogin` VALUES (155, 6, 3, '2017-09-18 17:16:49');
INSERT INTO `loglogin` VALUES (156, 2, 3, '2017-09-18 17:32:43');
INSERT INTO `loglogin` VALUES (157, 2, 3, '2017-09-19 08:51:08');
INSERT INTO `loglogin` VALUES (158, 7, 3, '2017-09-19 09:10:52');
INSERT INTO `loglogin` VALUES (159, 8, 3, '2017-09-19 09:22:44');
INSERT INTO `loglogin` VALUES (160, 12, 3, '2017-09-19 09:48:25');
INSERT INTO `loglogin` VALUES (161, 12, 3, '2017-09-19 09:49:14');
INSERT INTO `loglogin` VALUES (162, 5, 3, '2017-09-19 10:01:48');
INSERT INTO `loglogin` VALUES (163, 6, 3, '2017-09-19 10:07:23');
INSERT INTO `loglogin` VALUES (164, 7, 3, '2017-09-19 10:08:25');
INSERT INTO `loglogin` VALUES (165, 8, 3, '2017-09-19 10:09:53');
INSERT INTO `loglogin` VALUES (166, 9, 3, '2017-09-19 10:11:14');
INSERT INTO `loglogin` VALUES (167, 10, 3, '2017-09-19 10:12:11');
INSERT INTO `loglogin` VALUES (168, 11, 3, '2017-09-19 10:13:42');
INSERT INTO `loglogin` VALUES (169, 5, 3, '2017-09-19 16:08:57');
INSERT INTO `loglogin` VALUES (170, 6, 3, '2017-09-19 16:10:55');
INSERT INTO `loglogin` VALUES (171, 7, 3, '2017-09-19 16:11:43');
INSERT INTO `loglogin` VALUES (172, 8, 3, '2017-09-19 16:12:40');
INSERT INTO `loglogin` VALUES (173, 9, 3, '2017-09-19 16:13:34');
INSERT INTO `loglogin` VALUES (174, 10, 3, '2017-09-19 16:14:16');
INSERT INTO `loglogin` VALUES (175, 11, 3, '2017-09-19 16:14:41');
INSERT INTO `loglogin` VALUES (176, 2, 3, '2017-09-20 08:34:53');
INSERT INTO `loglogin` VALUES (177, 5, 3, '2017-09-20 08:58:52');
INSERT INTO `loglogin` VALUES (178, 5, 3, '2017-09-20 11:21:10');
INSERT INTO `loglogin` VALUES (179, 5, 3, '2017-09-20 11:37:00');
INSERT INTO `loglogin` VALUES (180, 5, 1, '2017-09-20 13:32:59');
INSERT INTO `loglogin` VALUES (181, 12, 3, '2017-09-20 14:03:27');
INSERT INTO `loglogin` VALUES (182, 5, 1, '2017-09-20 14:34:10');
INSERT INTO `loglogin` VALUES (183, 2, 1, '2017-09-20 14:38:07');
INSERT INTO `loglogin` VALUES (184, 12, 3, '2017-09-20 14:44:42');
INSERT INTO `loglogin` VALUES (185, 5, 3, '2017-09-20 16:23:19');
INSERT INTO `loglogin` VALUES (186, 5, 1, '2017-09-20 16:25:11');
INSERT INTO `loglogin` VALUES (187, 2, 1, '2017-09-22 08:01:41');
INSERT INTO `loglogin` VALUES (188, 5, 1, '2017-09-22 11:41:09');
INSERT INTO `loglogin` VALUES (189, 21, 1, '2017-09-22 11:44:01');
INSERT INTO `loglogin` VALUES (190, 2, 1, '2017-09-22 13:56:23');
INSERT INTO `loglogin` VALUES (191, 2, 1, '2017-09-22 14:08:44');
INSERT INTO `loglogin` VALUES (192, 12, 3, '2017-09-22 14:54:58');
INSERT INTO `loglogin` VALUES (193, 12, 3, '2017-09-22 15:03:41');
INSERT INTO `loglogin` VALUES (194, 5, 3, '2017-09-22 15:24:33');
INSERT INTO `loglogin` VALUES (195, 2, 3, '2017-09-22 15:27:16');
INSERT INTO `loglogin` VALUES (196, 2, 1, '2017-09-22 15:52:59');
INSERT INTO `loglogin` VALUES (197, 2, 1, '2017-09-22 17:21:55');
INSERT INTO `loglogin` VALUES (198, 12, 3, '2017-09-22 17:24:44');
INSERT INTO `loglogin` VALUES (199, 12, 3, '2017-09-22 17:36:05');
INSERT INTO `loglogin` VALUES (200, 12, 1, '2017-09-22 17:47:35');
INSERT INTO `loglogin` VALUES (201, 2, 1, '2017-09-22 19:05:21');
INSERT INTO `loglogin` VALUES (202, 5, 3, '2017-09-25 13:17:53');
INSERT INTO `loglogin` VALUES (203, 30, 3, '2017-09-25 14:26:06');
INSERT INTO `loglogin` VALUES (204, 49, 3, '2017-09-25 14:37:51');
INSERT INTO `loglogin` VALUES (205, 6, 3, '2017-09-25 14:48:25');
INSERT INTO `loglogin` VALUES (206, 3, 3, '2017-09-25 14:57:38');
INSERT INTO `loglogin` VALUES (207, 6, 3, '2017-09-25 15:01:12');
INSERT INTO `loglogin` VALUES (208, 2, 3, '2017-09-25 15:15:16');
INSERT INTO `loglogin` VALUES (209, 6, 3, '2017-09-25 15:21:28');
INSERT INTO `loglogin` VALUES (210, 49, 3, '2017-09-25 16:24:55');
INSERT INTO `loglogin` VALUES (211, 6, 3, '2017-09-25 16:43:27');
INSERT INTO `loglogin` VALUES (212, 3, 3, '2017-09-25 16:48:59');
INSERT INTO `loglogin` VALUES (213, 3, 3, '2017-09-25 17:35:22');
INSERT INTO `loglogin` VALUES (214, 2, 3, '2017-09-26 08:05:49');
INSERT INTO `loglogin` VALUES (215, 6, 1, '2017-09-26 08:12:33');
INSERT INTO `loglogin` VALUES (216, 6, 1, '2017-09-26 08:13:18');
INSERT INTO `loglogin` VALUES (217, 6, 3, '2017-09-26 13:30:29');
INSERT INTO `loglogin` VALUES (218, 2, 3, '2017-09-27 08:16:09');
INSERT INTO `loglogin` VALUES (219, 6, 1, '2017-09-27 08:44:05');
INSERT INTO `loglogin` VALUES (220, 6, 3, '2017-09-27 10:09:51');
INSERT INTO `loglogin` VALUES (221, 6, 3, '2017-09-28 10:08:27');
INSERT INTO `loglogin` VALUES (222, 1, 7, '2017-09-28 11:11:28');
INSERT INTO `loglogin` VALUES (223, 6, 3, '2017-09-28 11:15:44');
INSERT INTO `loglogin` VALUES (224, 1, 7, '2017-09-28 12:36:34');
INSERT INTO `loglogin` VALUES (225, 1, 7, '2017-09-28 13:33:30');
INSERT INTO `loglogin` VALUES (226, 1, 7, '2017-09-28 13:47:30');
INSERT INTO `loglogin` VALUES (227, 6, 3, '2017-09-28 15:34:29');
INSERT INTO `loglogin` VALUES (228, 2, 1, '2017-09-29 08:15:00');
INSERT INTO `loglogin` VALUES (229, 2, 3, '2017-09-29 08:36:59');
INSERT INTO `loglogin` VALUES (230, 12, 3, '2017-09-29 08:39:10');
INSERT INTO `loglogin` VALUES (231, 6, 3, '2017-09-29 08:42:11');
INSERT INTO `loglogin` VALUES (232, 3, 3, '2017-09-29 08:47:09');
INSERT INTO `loglogin` VALUES (233, 2, 3, '2017-09-29 09:05:58');
INSERT INTO `loglogin` VALUES (234, 6, 3, '2017-09-29 09:34:04');
INSERT INTO `loglogin` VALUES (235, 3, 3, '2017-09-29 10:14:37');
INSERT INTO `loglogin` VALUES (236, 2, 3, '2017-09-29 10:18:46');
INSERT INTO `loglogin` VALUES (237, 12, 3, '2017-09-29 11:03:25');
INSERT INTO `loglogin` VALUES (238, 5, 3, '2017-09-29 11:10:46');
INSERT INTO `loglogin` VALUES (239, 3, 3, '2017-09-29 11:25:33');
INSERT INTO `loglogin` VALUES (240, 2, 3, '2017-09-29 11:37:53');
INSERT INTO `loglogin` VALUES (241, 12, 3, '2017-09-29 13:47:14');
INSERT INTO `loglogin` VALUES (242, 5, 3, '2017-10-02 10:08:54');
INSERT INTO `loglogin` VALUES (243, 6, 3, '2017-10-02 13:18:32');
INSERT INTO `loglogin` VALUES (244, 7, 3, '2017-10-02 13:19:03');
INSERT INTO `loglogin` VALUES (245, 8, 3, '2017-10-02 13:19:28');
INSERT INTO `loglogin` VALUES (246, 9, 3, '2017-10-02 13:19:54');
INSERT INTO `loglogin` VALUES (247, 10, 3, '2017-10-02 13:20:16');
INSERT INTO `loglogin` VALUES (248, 11, 3, '2017-10-02 13:20:37');
INSERT INTO `loglogin` VALUES (249, 5, 3, '2017-10-02 13:20:57');
INSERT INTO `loglogin` VALUES (250, 5, 3, '2017-10-02 14:25:04');
INSERT INTO `loglogin` VALUES (251, 3, 3, '2017-10-02 14:38:28');
INSERT INTO `loglogin` VALUES (252, 2, 3, '2017-10-02 14:41:28');
INSERT INTO `loglogin` VALUES (253, 5, 3, '2017-10-02 14:45:15');
INSERT INTO `loglogin` VALUES (254, 5, 1, '2017-10-02 15:39:34');
INSERT INTO `loglogin` VALUES (255, 5, 3, '2017-10-02 16:46:43');
INSERT INTO `loglogin` VALUES (256, 6, 3, '2017-10-02 17:24:33');
INSERT INTO `loglogin` VALUES (257, 8, 3, '2017-10-02 17:26:40');
INSERT INTO `loglogin` VALUES (258, 2, 3, '2017-10-03 09:06:45');
INSERT INTO `loglogin` VALUES (259, 2, 3, '2017-10-03 09:39:30');
INSERT INTO `loglogin` VALUES (260, 5, 1, '2017-10-03 12:47:40');
INSERT INTO `loglogin` VALUES (261, 5, 3, '2017-10-03 13:38:55');
INSERT INTO `loglogin` VALUES (262, 2, 3, '2017-10-03 13:40:02');
INSERT INTO `loglogin` VALUES (263, 5, 3, '2017-10-03 13:41:55');
INSERT INTO `loglogin` VALUES (264, 6, 3, '2017-10-03 13:51:11');
INSERT INTO `loglogin` VALUES (265, 5, 1, '2017-10-03 17:39:02');
INSERT INTO `loglogin` VALUES (266, 2, 3, '2017-10-04 08:36:03');
INSERT INTO `loglogin` VALUES (267, 5, 1, '2017-10-04 08:57:45');
INSERT INTO `loglogin` VALUES (268, 6, 1, '2017-10-04 09:26:07');
INSERT INTO `loglogin` VALUES (269, 5, 3, '2017-10-04 10:17:50');
INSERT INTO `loglogin` VALUES (270, 5, 3, '2017-10-04 11:03:51');
INSERT INTO `loglogin` VALUES (271, 5, 1, '2017-10-04 11:03:58');
INSERT INTO `loglogin` VALUES (272, 5, 3, '2017-10-04 11:25:17');
INSERT INTO `loglogin` VALUES (273, 6, 3, '2017-10-05 11:03:26');
INSERT INTO `loglogin` VALUES (274, 8, 3, '2017-10-05 11:04:01');
INSERT INTO `loglogin` VALUES (275, 8, 3, '2017-10-05 11:04:14');
INSERT INTO `loglogin` VALUES (276, 5, 3, '2017-10-05 11:04:14');
INSERT INTO `loglogin` VALUES (277, 5, 3, '2017-10-05 11:04:16');
INSERT INTO `loglogin` VALUES (278, 10, 3, '2017-10-05 11:04:16');
INSERT INTO `loglogin` VALUES (279, 7, 3, '2017-10-05 11:04:17');
INSERT INTO `loglogin` VALUES (280, 9, 3, '2017-10-05 11:04:23');
INSERT INTO `loglogin` VALUES (281, 11, 6, '2017-10-05 11:04:45');
INSERT INTO `loglogin` VALUES (282, 11, 4, '2017-10-05 11:04:54');
INSERT INTO `loglogin` VALUES (283, 4, 3, '2017-10-05 11:04:57');
INSERT INTO `loglogin` VALUES (284, 4, 3, '2017-10-05 11:05:07');
INSERT INTO `loglogin` VALUES (285, 11, 2, '2017-10-05 11:05:08');
INSERT INTO `loglogin` VALUES (286, 11, 3, '2017-10-05 11:05:23');
INSERT INTO `loglogin` VALUES (287, 11, 3, '2017-10-05 11:06:05');
INSERT INTO `loglogin` VALUES (288, 6, 3, '2017-10-05 11:06:39');
INSERT INTO `loglogin` VALUES (289, 7, 4, '2017-10-05 11:22:06');
INSERT INTO `loglogin` VALUES (290, 7, 3, '2017-10-05 11:22:10');
INSERT INTO `loglogin` VALUES (291, 8, 6, '2017-10-05 11:48:32');
INSERT INTO `loglogin` VALUES (292, 8, 1, '2017-10-05 11:48:56');
INSERT INTO `loglogin` VALUES (293, 8, 3, '2017-10-05 11:49:11');
INSERT INTO `loglogin` VALUES (294, 3, 3, '2017-10-05 13:04:51');
INSERT INTO `loglogin` VALUES (295, 2, 3, '2017-10-05 13:19:38');
INSERT INTO `loglogin` VALUES (296, 2, 3, '2017-10-05 13:31:12');
INSERT INTO `loglogin` VALUES (297, 2, 3, '2017-10-05 13:35:48');
INSERT INTO `loglogin` VALUES (298, 6, 3, '2017-10-05 13:35:49');
INSERT INTO `loglogin` VALUES (299, 8, 3, '2017-10-05 13:36:01');
INSERT INTO `loglogin` VALUES (300, 5, 3, '2017-10-05 13:36:44');
INSERT INTO `loglogin` VALUES (301, 7, 3, '2017-10-05 13:37:08');
INSERT INTO `loglogin` VALUES (302, 8, 3, '2017-10-05 13:37:32');
INSERT INTO `loglogin` VALUES (303, 8, 3, '2017-10-05 13:37:36');
INSERT INTO `loglogin` VALUES (304, 4, 3, '2017-10-05 13:39:45');
INSERT INTO `loglogin` VALUES (305, 11, 3, '2017-10-05 13:40:16');
INSERT INTO `loglogin` VALUES (306, 11, 3, '2017-10-05 13:41:04');
INSERT INTO `loglogin` VALUES (307, 2, 3, '2017-10-05 13:41:09');
INSERT INTO `loglogin` VALUES (308, 7, 3, '2017-10-05 13:41:16');
INSERT INTO `loglogin` VALUES (309, 4, 3, '2017-10-05 13:47:23');
INSERT INTO `loglogin` VALUES (310, 11, 3, '2017-10-05 13:50:39');
INSERT INTO `loglogin` VALUES (311, 3, 3, '2017-10-05 13:56:29');
INSERT INTO `loglogin` VALUES (312, 6, 1, '2017-10-05 14:02:51');
INSERT INTO `loglogin` VALUES (313, 6, 3, '2017-10-05 14:07:34');
INSERT INTO `loglogin` VALUES (314, 11, 3, '2017-10-05 14:45:32');
INSERT INTO `loglogin` VALUES (315, 9, 3, '2017-10-05 15:03:37');
INSERT INTO `loglogin` VALUES (316, 4, 3, '2017-10-05 15:13:24');
INSERT INTO `loglogin` VALUES (317, 11, 3, '2017-10-05 15:15:48');
INSERT INTO `loglogin` VALUES (318, 11, 3, '2017-10-05 15:17:37');
INSERT INTO `loglogin` VALUES (319, 11, 3, '2017-10-05 15:20:26');
INSERT INTO `loglogin` VALUES (320, 4, 3, '2017-10-05 15:20:50');
INSERT INTO `loglogin` VALUES (321, 4, 3, '2017-10-05 15:22:57');
INSERT INTO `loglogin` VALUES (322, 4, 3, '2017-10-05 15:23:54');
INSERT INTO `loglogin` VALUES (323, 5, 3, '2017-10-05 15:26:32');
INSERT INTO `loglogin` VALUES (324, 8, 3, '2017-10-05 15:26:36');
INSERT INTO `loglogin` VALUES (325, 2, 3, '2017-10-05 15:31:22');
INSERT INTO `loglogin` VALUES (326, 5, 3, '2017-10-05 15:37:51');
INSERT INTO `loglogin` VALUES (327, 6, 3, '2017-10-05 16:46:55');
INSERT INTO `loglogin` VALUES (328, 6, 3, '2017-10-05 16:49:14');
INSERT INTO `loglogin` VALUES (329, 5, 1, '2017-10-06 08:40:29');
INSERT INTO `loglogin` VALUES (330, 6, 1, '2017-10-06 09:02:00');
INSERT INTO `loglogin` VALUES (331, 6, 1, '2017-10-06 09:08:53');
INSERT INTO `loglogin` VALUES (332, 7, 1, '2017-10-06 09:18:37');
INSERT INTO `loglogin` VALUES (333, 2, 1, '2017-10-06 09:19:04');
INSERT INTO `loglogin` VALUES (334, 8, 1, '2017-10-06 09:23:04');
INSERT INTO `loglogin` VALUES (335, 7, 1, '2017-10-06 09:28:39');
INSERT INTO `loglogin` VALUES (336, 7, 3, '2017-10-06 09:28:43');
INSERT INTO `loglogin` VALUES (337, 2, 2, '2017-10-06 09:36:54');
INSERT INTO `loglogin` VALUES (338, 6, 3, '2017-10-06 09:38:46');
INSERT INTO `loglogin` VALUES (339, 6, 3, '2017-10-06 09:42:39');
INSERT INTO `loglogin` VALUES (340, 8, 2, '2017-10-06 09:51:04');
INSERT INTO `loglogin` VALUES (341, 5, 1, '2017-10-06 09:54:17');
INSERT INTO `loglogin` VALUES (342, 7, 2, '2017-10-06 09:57:37');
INSERT INTO `loglogin` VALUES (343, 7, 2, '2017-10-06 10:19:26');
INSERT INTO `loglogin` VALUES (344, 12, 1, '2017-10-09 10:50:57');
INSERT INTO `loglogin` VALUES (345, 5, 1, '2017-10-09 11:04:26');
INSERT INTO `loglogin` VALUES (346, 12, 1, '2017-10-09 11:08:03');
INSERT INTO `loglogin` VALUES (347, 12, 1, '2017-10-09 11:08:11');
INSERT INTO `loglogin` VALUES (348, 12, 3, '2017-10-09 11:10:59');
INSERT INTO `loglogin` VALUES (349, 12, 3, '2017-10-09 11:12:27');
INSERT INTO `loglogin` VALUES (350, 12, 3, '2017-10-09 11:15:06');
INSERT INTO `loglogin` VALUES (351, 6, 3, '2017-10-09 11:40:41');
INSERT INTO `loglogin` VALUES (352, 2, 3, '2017-10-09 13:31:24');
INSERT INTO `loglogin` VALUES (353, 3, 3, '2017-10-09 13:31:48');
INSERT INTO `loglogin` VALUES (354, 6, 3, '2017-10-09 13:32:09');
INSERT INTO `loglogin` VALUES (355, 3, 3, '2017-10-09 13:34:15');
INSERT INTO `loglogin` VALUES (356, 2, 3, '2017-10-09 13:35:32');
INSERT INTO `loglogin` VALUES (357, 12, 3, '2017-10-09 13:41:41');
INSERT INTO `loglogin` VALUES (358, 5, 3, '2017-10-09 15:21:23');
INSERT INTO `loglogin` VALUES (359, 5, 3, '2017-10-09 16:04:34');
INSERT INTO `loglogin` VALUES (360, 3, 3, '2017-10-11 09:17:07');
INSERT INTO `loglogin` VALUES (361, 2, 3, '2017-10-11 09:55:45');
INSERT INTO `loglogin` VALUES (362, 5, 3, '2017-10-11 09:56:29');
INSERT INTO `loglogin` VALUES (363, 12, 3, '2017-10-11 10:09:57');
INSERT INTO `loglogin` VALUES (364, 5, 3, '2017-10-11 16:06:19');
INSERT INTO `loglogin` VALUES (365, 234, 7, '2017-10-13 08:30:37');
INSERT INTO `loglogin` VALUES (366, 234, 7, '2017-10-13 08:32:14');
INSERT INTO `loglogin` VALUES (367, 234, 7, '2017-10-13 08:33:36');
INSERT INTO `loglogin` VALUES (368, 234, 7, '2017-10-13 09:40:29');
INSERT INTO `loglogin` VALUES (369, 1, 7, '2017-10-13 11:08:14');
INSERT INTO `loglogin` VALUES (370, 2, 3, '2017-10-16 08:23:35');
INSERT INTO `loglogin` VALUES (371, 5, 3, '2017-10-16 08:26:02');
INSERT INTO `loglogin` VALUES (372, 3, 3, '2017-10-16 09:31:50');
INSERT INTO `loglogin` VALUES (373, 5, 3, '2017-10-16 09:32:05');
INSERT INTO `loglogin` VALUES (374, 5, 1, '2017-10-16 10:07:45');
INSERT INTO `loglogin` VALUES (375, 3, 3, '2017-10-16 13:26:37');
INSERT INTO `loglogin` VALUES (376, 5, 3, '2017-10-16 14:00:28');
INSERT INTO `loglogin` VALUES (377, 5, 1, '2017-10-16 14:22:35');
INSERT INTO `loglogin` VALUES (378, 2, 1, '2017-10-16 14:25:29');
INSERT INTO `loglogin` VALUES (379, 5, 1, '2017-10-16 14:28:10');
INSERT INTO `loglogin` VALUES (380, 2, 1, '2017-10-16 14:29:20');
INSERT INTO `loglogin` VALUES (381, 6, 3, '2017-10-16 15:07:49');
INSERT INTO `loglogin` VALUES (382, 6, 3, '2017-10-16 15:08:22');
INSERT INTO `loglogin` VALUES (383, 6, 3, '2017-10-16 15:08:34');
INSERT INTO `loglogin` VALUES (384, 7, 3, '2017-10-16 15:47:05');
INSERT INTO `loglogin` VALUES (385, 8, 3, '2017-10-16 16:04:49');
INSERT INTO `loglogin` VALUES (386, 9, 3, '2017-10-16 16:07:24');
INSERT INTO `loglogin` VALUES (387, 1, 7, '2017-10-16 16:35:58');
INSERT INTO `loglogin` VALUES (388, 5, 3, '2017-10-17 13:35:17');

-- ----------------------------
-- Table structure for trafo
-- ----------------------------
DROP TABLE IF EXISTS `trafo`;
CREATE TABLE `trafo`  (
  `kodetrafo` int(5) NOT NULL AUTO_INCREMENT,
  `kodeapd` int(5) NULL DEFAULT NULL,
  `kodeapp` int(5) NULL DEFAULT NULL,
  `kodegi` int(5) NULL DEFAULT NULL,
  `nomortrafo` varchar(100) CHARACTER SET latin1 COLLATE latin1_swedish_ci NULL DEFAULT NULL,
  `mvaterpasang` varchar(100) CHARACTER SET latin1 COLLATE latin1_swedish_ci NULL DEFAULT NULL,
  `tanggalinput` date NULL DEFAULT NULL,
  `statusapprove` int(5) NULL DEFAULT NULL,
  `bulanapprove` varchar(100) CHARACTER SET latin1 COLLATE latin1_swedish_ci NULL DEFAULT NULL,
  `tahunapprove` varchar(100) CHARACTER SET latin1 COLLATE latin1_swedish_ci NULL DEFAULT NULL,
  `alasan` varchar(300) CHARACTER SET latin1 COLLATE latin1_swedish_ci NULL DEFAULT NULL,
  PRIMARY KEY (`kodetrafo`) USING BTREE,
  INDEX `kodegi`(`kodegi`) USING BTREE,
  CONSTRAINT `kodegi` FOREIGN KEY (`kodegi`) REFERENCES `gi` (`kodegi`) ON DELETE RESTRICT ON UPDATE RESTRICT
) ENGINE = InnoDB AUTO_INCREMENT = 482 CHARACTER SET = latin1 COLLATE = latin1_swedish_ci ROW_FORMAT = Compact;

-- ----------------------------
-- Records of trafo
-- ----------------------------
INSERT INTO `trafo` VALUES (1, 1, 1, 1, '1', '', '0000-00-00', NULL, '', '', '');
INSERT INTO `trafo` VALUES (2, 1, 1, 1, '2', '60', '0000-00-00', NULL, '', '', '');
INSERT INTO `trafo` VALUES (3, 1, 1, 1, '3', '60', '0000-00-00', 2, '9', '2017', '');
INSERT INTO `trafo` VALUES (4, 1, 1, 1, '4', '60', '0000-00-00', 2, '9', '2017', '');
INSERT INTO `trafo` VALUES (5, 1, 1, 1, '5', '60', '0000-00-00', 2, '9', '2017', 'A');
INSERT INTO `trafo` VALUES (6, 1, 1, 1, '6', '60', NULL, NULL, NULL, NULL, NULL);
INSERT INTO `trafo` VALUES (7, 1, 1, 2, '1', '60', NULL, NULL, NULL, NULL, NULL);
INSERT INTO `trafo` VALUES (8, 1, 1, 2, '2', '60', '0000-00-00', 2, '9', '2017', 'A');
INSERT INTO `trafo` VALUES (9, 1, 1, 2, '3', '60', '0000-00-00', 1, '9', '2017', '');
INSERT INTO `trafo` VALUES (10, 1, 1, 2, '4', '', '0000-00-00', NULL, '', '', '');
INSERT INTO `trafo` VALUES (11, 1, 1, 2, '5', '60', '0000-00-00', 1, '9', '2017', '');
INSERT INTO `trafo` VALUES (12, 1, 1, 2, '6', '60', '0000-00-00', 1, '9', '2017', 'A');
INSERT INTO `trafo` VALUES (13, 1, 1, 3, '1', '30', '0000-00-00', 1, '9', '2017', '');
INSERT INTO `trafo` VALUES (14, 1, 1, 3, '2', '30', '0000-00-00', 1, '9', '2017', 'B');
INSERT INTO `trafo` VALUES (15, 1, 1, 4, '1', '60', '0000-00-00', 1, '9', '2017', 'C');
INSERT INTO `trafo` VALUES (16, 1, 1, 4, '2', '60', '0000-00-00', NULL, '', '', '');
INSERT INTO `trafo` VALUES (17, 1, 1, 5, '1', '30', '0000-00-00', NULL, '', '', '');
INSERT INTO `trafo` VALUES (18, 1, 1, 5, '2', '30', '0000-00-00', NULL, '', '', '');
INSERT INTO `trafo` VALUES (19, 1, 1, 6, '1', '10', '0000-00-00', NULL, '', '', '');
INSERT INTO `trafo` VALUES (20, 1, 1, 6, '2', '10', '0000-00-00', NULL, '', '', '');
INSERT INTO `trafo` VALUES (21, 1, 1, 7, '1', '60', '0000-00-00', NULL, '', '', '');
INSERT INTO `trafo` VALUES (22, 1, 1, 7, '2', '60', '0000-00-00', NULL, '', '', '');
INSERT INTO `trafo` VALUES (23, 1, 1, 7, '3', '60', '0000-00-00', NULL, '', '', '');
INSERT INTO `trafo` VALUES (24, 1, 1, 8, '1', '', '0000-00-00', NULL, '', '', '');
INSERT INTO `trafo` VALUES (25, 1, 1, 8, '2', '60', '0000-00-00', NULL, '', '', '');
INSERT INTO `trafo` VALUES (26, 1, 1, 8, '3', '60', '0000-00-00', NULL, '', '', '');
INSERT INTO `trafo` VALUES (27, 1, 1, 8, '4', '60', '0000-00-00', NULL, '', '', '');
INSERT INTO `trafo` VALUES (28, 1, 1, 9, '1', '60', '0000-00-00', NULL, '', '', '');
INSERT INTO `trafo` VALUES (29, 1, 1, 9, '2', '60', '0000-00-00', NULL, '', '', '');
INSERT INTO `trafo` VALUES (30, 1, 1, 9, '3', '60', '0000-00-00', NULL, '', '', '');
INSERT INTO `trafo` VALUES (31, 1, 1, 10, '1', '30', '0000-00-00', NULL, '', '', '');
INSERT INTO `trafo` VALUES (32, 1, 1, 11, '1', '60', '0000-00-00', NULL, '', '', '');
INSERT INTO `trafo` VALUES (33, 1, 1, 12, '1', '60', '0000-00-00', NULL, '', '', '');
INSERT INTO `trafo` VALUES (34, 1, 1, 12, '2', '60', '0000-00-00', NULL, '', '', '');
INSERT INTO `trafo` VALUES (35, 1, 1, 12, '3', '60', '0000-00-00', NULL, '', '', '');
INSERT INTO `trafo` VALUES (36, 1, 1, 12, '4', '', '0000-00-00', NULL, '', '', '');
INSERT INTO `trafo` VALUES (37, 1, 1, 13, '1', '', '0000-00-00', NULL, '', '', '');
INSERT INTO `trafo` VALUES (38, 1, 1, 13, '2', '60', '0000-00-00', NULL, '', '', '');
INSERT INTO `trafo` VALUES (39, 1, 1, 13, '3', '60', '0000-00-00', NULL, '', '', '');
INSERT INTO `trafo` VALUES (40, 1, 1, 13, '4', '60', '0000-00-00', NULL, '', '', '');
INSERT INTO `trafo` VALUES (41, 1, 1, 14, 'KTT', '220', '0000-00-00', NULL, '', '', '');
INSERT INTO `trafo` VALUES (42, 1, 1, 15, 'KTT', '45', '0000-00-00', NULL, '', '', '');
INSERT INTO `trafo` VALUES (43, 1, 1, 16, 'KTT', '45', '0000-00-00', NULL, '', '', '');
INSERT INTO `trafo` VALUES (44, 1, 1, 17, 'KTT', '40', '0000-00-00', NULL, '', '', '');
INSERT INTO `trafo` VALUES (45, 1, 1, 18, 'KTT', '40', '0000-00-00', NULL, '', '', '');
INSERT INTO `trafo` VALUES (46, 1, 2, 19, '1', '60', '0000-00-00', NULL, '', '', '');
INSERT INTO `trafo` VALUES (47, 1, 2, 19, '2', '60', '0000-00-00', NULL, '', '', '');
INSERT INTO `trafo` VALUES (48, 1, 2, 19, '3', '60', '0000-00-00', NULL, '', '', '');
INSERT INTO `trafo` VALUES (49, 1, 2, 19, '4', '60', '0000-00-00', NULL, '', '', '');
INSERT INTO `trafo` VALUES (50, 1, 2, 20, '1', '60', '0000-00-00', NULL, '', '', '');
INSERT INTO `trafo` VALUES (51, 1, 2, 20, '2', '', '0000-00-00', NULL, '', '', '');
INSERT INTO `trafo` VALUES (52, 1, 2, 20, '3', '60', '0000-00-00', NULL, '', '', '');
INSERT INTO `trafo` VALUES (53, 1, 2, 20, '4', '60', '0000-00-00', NULL, '', '', '');
INSERT INTO `trafo` VALUES (54, 1, 2, 20, '5', '60', '0000-00-00', NULL, '', '', '');
INSERT INTO `trafo` VALUES (55, 1, 2, 21, '1', '', '0000-00-00', NULL, '', '', '');
INSERT INTO `trafo` VALUES (56, 1, 2, 21, '2', '10', '0000-00-00', NULL, '', '', '');
INSERT INTO `trafo` VALUES (57, 1, 2, 22, '1', '', '0000-00-00', NULL, '', '', '');
INSERT INTO `trafo` VALUES (58, 1, 2, 22, '2', '60', '0000-00-00', NULL, '', '', '');
INSERT INTO `trafo` VALUES (59, 1, 2, 22, '3', '60', '0000-00-00', NULL, '', '', '');
INSERT INTO `trafo` VALUES (60, 1, 2, 22, '4', '60', '0000-00-00', NULL, '', '', '');
INSERT INTO `trafo` VALUES (61, 1, 2, 22, '5', '60', '0000-00-00', NULL, '', '', '');
INSERT INTO `trafo` VALUES (62, 1, 2, 23, '1', '60', '0000-00-00', NULL, '', '', '');
INSERT INTO `trafo` VALUES (63, 1, 2, 23, '2', '60', '0000-00-00', NULL, '', '', '');
INSERT INTO `trafo` VALUES (64, 1, 2, 24, '1', '', '0000-00-00', NULL, '', '', '');
INSERT INTO `trafo` VALUES (65, 1, 2, 24, '2', '', '0000-00-00', NULL, '', '', '');
INSERT INTO `trafo` VALUES (66, 1, 2, 24, '3', '', '0000-00-00', NULL, '', '', '');
INSERT INTO `trafo` VALUES (67, 1, 2, 24, '4', '', '0000-00-00', NULL, '', '', '');
INSERT INTO `trafo` VALUES (68, 1, 2, 24, '5', '', '0000-00-00', NULL, '', '', '');
INSERT INTO `trafo` VALUES (69, 1, 2, 24, '6', '60', '0000-00-00', NULL, '', '', '');
INSERT INTO `trafo` VALUES (70, 1, 2, 24, '7', '60', '0000-00-00', NULL, '', '', '');
INSERT INTO `trafo` VALUES (71, 1, 2, 24, '8', '', '0000-00-00', NULL, '', '', '');
INSERT INTO `trafo` VALUES (72, 1, 2, 24, '9', '60', '0000-00-00', NULL, '', '', '');
INSERT INTO `trafo` VALUES (73, 1, 2, 24, '10', '60', '0000-00-00', NULL, '', '', '');
INSERT INTO `trafo` VALUES (74, 1, 2, 25, '1', '60', '0000-00-00', NULL, '', '', '');
INSERT INTO `trafo` VALUES (75, 1, 2, 25, '2', '60', '0000-00-00', NULL, '', '', '');
INSERT INTO `trafo` VALUES (76, 1, 2, 25, '3', '60', '0000-00-00', NULL, '', '', '');
INSERT INTO `trafo` VALUES (77, 1, 2, 26, '1', '60', '0000-00-00', NULL, '', '', '');
INSERT INTO `trafo` VALUES (78, 1, 2, 26, '2', '60', '0000-00-00', NULL, '', '', '');
INSERT INTO `trafo` VALUES (79, 1, 2, 27, '1', '', '0000-00-00', NULL, '', '', '');
INSERT INTO `trafo` VALUES (80, 1, 2, 27, '2', '60', '0000-00-00', NULL, '', '', '');
INSERT INTO `trafo` VALUES (81, 1, 2, 27, '3', '60', '0000-00-00', NULL, '', '', '');
INSERT INTO `trafo` VALUES (82, 1, 2, 27, '4', '60', '0000-00-00', NULL, '', '', '');
INSERT INTO `trafo` VALUES (83, 1, 2, 28, '1', '30', '0000-00-00', NULL, '', '', '');
INSERT INTO `trafo` VALUES (84, 1, 2, 28, '2', '20', '0000-00-00', NULL, '', '', '');
INSERT INTO `trafo` VALUES (85, 1, 2, 28, '3', '30', '0000-00-00', NULL, '', '', '');
INSERT INTO `trafo` VALUES (86, 1, 2, 29, '1', '60', '0000-00-00', NULL, '', '', '');
INSERT INTO `trafo` VALUES (87, 1, 2, 29, '2', '60', '0000-00-00', NULL, '', '', '');
INSERT INTO `trafo` VALUES (88, 1, 2, 29, '3', '60', '0000-00-00', NULL, '', '', '');
INSERT INTO `trafo` VALUES (89, 1, 2, 29, '4', '60', '0000-00-00', NULL, '', '', '');
INSERT INTO `trafo` VALUES (90, 1, 2, 30, '1', '60', '0000-00-00', NULL, '', '', '');
INSERT INTO `trafo` VALUES (91, 1, 2, 30, 'KTT', '32', '0000-00-00', NULL, '', '', '');
INSERT INTO `trafo` VALUES (92, 1, 2, 31, '1', '60', '0000-00-00', NULL, '', '', '');
INSERT INTO `trafo` VALUES (93, 1, 2, 31, '2', '60', '0000-00-00', NULL, '', '', '');
INSERT INTO `trafo` VALUES (94, 1, 2, 31, '3', '60', '0000-00-00', NULL, '', '', '');
INSERT INTO `trafo` VALUES (95, 1, 2, 31, '4', '60', '0000-00-00', NULL, '', '', '');
INSERT INTO `trafo` VALUES (96, 1, 2, 32, '1', '60', '0000-00-00', NULL, '', '', '');
INSERT INTO `trafo` VALUES (97, 1, 2, 32, '2', '60', '0000-00-00', NULL, '', '', '');
INSERT INTO `trafo` VALUES (98, 1, 2, 32, '3', '60', '0000-00-00', NULL, '', '', '');
INSERT INTO `trafo` VALUES (99, 1, 2, 33, '1', '20', '0000-00-00', NULL, '', '', '');
INSERT INTO `trafo` VALUES (100, 1, 2, 34, '1', '10', '0000-00-00', NULL, '', '', '');
INSERT INTO `trafo` VALUES (101, 1, 2, 34, '2', '10', '0000-00-00', NULL, '', '', '');
INSERT INTO `trafo` VALUES (102, 1, 2, 34, '3', '30', '0000-00-00', NULL, '', '', '');
INSERT INTO `trafo` VALUES (103, 1, 2, 34, '4', '30', '0000-00-00', NULL, '', '', '');
INSERT INTO `trafo` VALUES (104, 1, 2, 35, '1', '', '0000-00-00', NULL, '', '', '');
INSERT INTO `trafo` VALUES (105, 1, 2, 35, '2', '', '0000-00-00', NULL, '', '', '');
INSERT INTO `trafo` VALUES (106, 1, 2, 35, '3', '60', '0000-00-00', NULL, '', '', '');
INSERT INTO `trafo` VALUES (107, 1, 2, 35, '4', '60', '0000-00-00', NULL, '', '', '');
INSERT INTO `trafo` VALUES (108, 1, 2, 35, '5', '60', '0000-00-00', NULL, '', '', '');
INSERT INTO `trafo` VALUES (109, 1, 2, 35, '6', '60', '0000-00-00', NULL, '', '', '');
INSERT INTO `trafo` VALUES (110, 1, 2, 36, '1', '60', '0000-00-00', NULL, '', '', '');
INSERT INTO `trafo` VALUES (111, 1, 2, 36, '2', '60', '0000-00-00', NULL, '', '', '');
INSERT INTO `trafo` VALUES (112, 1, 2, 36, '3', '60', '0000-00-00', NULL, '', '', '');
INSERT INTO `trafo` VALUES (113, 1, 2, 37, '1', '60', '0000-00-00', NULL, '', '', '');
INSERT INTO `trafo` VALUES (114, 1, 2, 37, '2', '60', '0000-00-00', NULL, '', '', '');
INSERT INTO `trafo` VALUES (115, 1, 2, 37, '3', '60', '0000-00-00', NULL, '', '', '');
INSERT INTO `trafo` VALUES (116, 1, 2, 38, '1', '60', '0000-00-00', NULL, '', '', '');
INSERT INTO `trafo` VALUES (117, 1, 2, 39, '1', '60', '0000-00-00', NULL, '', '', '');
INSERT INTO `trafo` VALUES (118, 1, 2, 39, '2', '60', '0000-00-00', NULL, '', '', '');
INSERT INTO `trafo` VALUES (119, 1, 2, 40, '1', '60', '0000-00-00', NULL, '', '', '');
INSERT INTO `trafo` VALUES (120, 1, 2, 40, '2', '60', '0000-00-00', NULL, '', '', '');
INSERT INTO `trafo` VALUES (121, 1, 2, 41, '1', '60', '0000-00-00', NULL, '', '', '');
INSERT INTO `trafo` VALUES (122, 1, 2, 41, '2', '60', '0000-00-00', NULL, '', '', '');
INSERT INTO `trafo` VALUES (123, 1, 3, 42, '1', '60', '0000-00-00', NULL, '', '', '');
INSERT INTO `trafo` VALUES (124, 1, 3, 42, '2', '60', '0000-00-00', NULL, '', '', '');
INSERT INTO `trafo` VALUES (125, 1, 3, 42, '3', '60', '0000-00-00', NULL, '', '', '');
INSERT INTO `trafo` VALUES (126, 1, 3, 43, 'KTT', '30', '0000-00-00', NULL, '', '', '');
INSERT INTO `trafo` VALUES (127, 1, 3, 44, '1', '60', '0000-00-00', NULL, '', '', '');
INSERT INTO `trafo` VALUES (128, 1, 3, 44, '2', '60', '0000-00-00', NULL, '', '', '');
INSERT INTO `trafo` VALUES (129, 1, 3, 44, '3', '60', '0000-00-00', NULL, '', '', '');
INSERT INTO `trafo` VALUES (130, 1, 3, 44, 'KTT', '13.75', '0000-00-00', NULL, '', '', '');
INSERT INTO `trafo` VALUES (131, 1, 3, 45, '1', '', '0000-00-00', NULL, '', '', '');
INSERT INTO `trafo` VALUES (132, 1, 3, 45, '2', '', '0000-00-00', NULL, '', '', '');
INSERT INTO `trafo` VALUES (133, 1, 3, 45, '3', '', '0000-00-00', NULL, '', '', '');
INSERT INTO `trafo` VALUES (134, 1, 3, 45, '4', '', '0000-00-00', NULL, '', '', '');
INSERT INTO `trafo` VALUES (135, 1, 3, 45, '5', '60', '0000-00-00', NULL, '', '', '');
INSERT INTO `trafo` VALUES (136, 1, 3, 45, '6', '60', '0000-00-00', NULL, '', '', '');
INSERT INTO `trafo` VALUES (137, 1, 3, 45, '7', '60', '0000-00-00', NULL, '', '', '');
INSERT INTO `trafo` VALUES (138, 1, 3, 45, '8', '60', '0000-00-00', NULL, '', '', '');
INSERT INTO `trafo` VALUES (139, 1, 3, 46, 'KTT', '45', '0000-00-00', NULL, '', '', '');
INSERT INTO `trafo` VALUES (140, 1, 3, 47, '1', '60', '0000-00-00', NULL, '', '', '');
INSERT INTO `trafo` VALUES (141, 1, 3, 47, '2', '60', '0000-00-00', NULL, '', '', '');
INSERT INTO `trafo` VALUES (142, 1, 3, 48, '1', '60', '0000-00-00', NULL, '', '', '');
INSERT INTO `trafo` VALUES (143, 1, 3, 48, '2', '60', '0000-00-00', NULL, '', '', '');
INSERT INTO `trafo` VALUES (144, 1, 3, 48, '3', '60', '0000-00-00', NULL, '', '', '');
INSERT INTO `trafo` VALUES (145, 1, 3, 49, '1', '60', '0000-00-00', NULL, '', '', '');
INSERT INTO `trafo` VALUES (146, 1, 3, 49, '2', '60', '0000-00-00', NULL, '', '', '');
INSERT INTO `trafo` VALUES (147, 1, 3, 50, 'KTT', '30', '0000-00-00', NULL, '', '', '');
INSERT INTO `trafo` VALUES (148, 1, 3, 51, '1', '60', '0000-00-00', NULL, '', '', '');
INSERT INTO `trafo` VALUES (149, 1, 3, 51, '2', '60', '0000-00-00', NULL, '', '', '');
INSERT INTO `trafo` VALUES (150, 1, 3, 51, '3', '60', '0000-00-00', NULL, '', '', '');
INSERT INTO `trafo` VALUES (151, 1, 3, 51, '4', '60', '0000-00-00', NULL, '', '', '');
INSERT INTO `trafo` VALUES (152, 1, 3, 52, 'KTT', '45', '0000-00-00', NULL, '', '', '');
INSERT INTO `trafo` VALUES (153, 1, 3, 53, '1', '60', '0000-00-00', NULL, '', '', '');
INSERT INTO `trafo` VALUES (154, 1, 3, 53, '2', '60', '0000-00-00', NULL, '', '', '');
INSERT INTO `trafo` VALUES (155, 1, 3, 53, 'KTT', '31.06', '0000-00-00', NULL, '', '', '');
INSERT INTO `trafo` VALUES (156, 1, 3, 54, '1', '60', '0000-00-00', NULL, '', '', '');
INSERT INTO `trafo` VALUES (157, 1, 3, 54, '2', '60', '0000-00-00', NULL, '', '', '');
INSERT INTO `trafo` VALUES (158, 1, 3, 54, '3', '60', '0000-00-00', NULL, '', '', '');
INSERT INTO `trafo` VALUES (159, 1, 3, 54, 'KTT', '14.8', '0000-00-00', NULL, '', '', '');
INSERT INTO `trafo` VALUES (160, 1, 3, 55, '1', '30', '0000-00-00', NULL, '', '', '');
INSERT INTO `trafo` VALUES (161, 1, 3, 55, '2', '20', '0000-00-00', NULL, '', '', '');
INSERT INTO `trafo` VALUES (162, 1, 3, 55, '3', '30', '0000-00-00', NULL, '', '', '');
INSERT INTO `trafo` VALUES (163, 1, 3, 55, '4', '30', '0000-00-00', NULL, '', '', '');
INSERT INTO `trafo` VALUES (164, 1, 3, 56, '1', '60', '0000-00-00', NULL, '', '', '');
INSERT INTO `trafo` VALUES (165, 1, 3, 56, '2', '60', '0000-00-00', NULL, '', '', '');
INSERT INTO `trafo` VALUES (166, 1, 3, 57, '1', '60', '0000-00-00', NULL, '', '', '');
INSERT INTO `trafo` VALUES (167, 1, 3, 57, '2', '60', '0000-00-00', NULL, '', '', '');
INSERT INTO `trafo` VALUES (168, 1, 3, 57, '3', '60', '0000-00-00', NULL, '', '', '');
INSERT INTO `trafo` VALUES (169, 1, 3, 58, '1', '60', '0000-00-00', NULL, '', '', '');
INSERT INTO `trafo` VALUES (170, 1, 3, 58, '2', '60', '0000-00-00', NULL, '', '', '');
INSERT INTO `trafo` VALUES (171, 1, 3, 58, '3', '60', '0000-00-00', NULL, '', '', '');
INSERT INTO `trafo` VALUES (172, 1, 3, 59, '1', '', '0000-00-00', NULL, '', '', '');
INSERT INTO `trafo` VALUES (173, 1, 3, 59, '2', '', '0000-00-00', NULL, '', '', '');
INSERT INTO `trafo` VALUES (174, 1, 3, 59, '3', '60', '0000-00-00', NULL, '', '', '');
INSERT INTO `trafo` VALUES (175, 1, 3, 59, '4', '60', '0000-00-00', NULL, '', '', '');
INSERT INTO `trafo` VALUES (176, 1, 3, 59, 'KTT', '145', '0000-00-00', NULL, '', '', '');
INSERT INTO `trafo` VALUES (177, 1, 3, 60, '1', '60', '0000-00-00', NULL, '', '', '');
INSERT INTO `trafo` VALUES (178, 1, 3, 60, '2', '', '0000-00-00', NULL, '', '', '');
INSERT INTO `trafo` VALUES (179, 1, 3, 60, '3', '60', '0000-00-00', NULL, '', '', '');
INSERT INTO `trafo` VALUES (180, 1, 3, 60, '4', '60', '0000-00-00', NULL, '', '', '');
INSERT INTO `trafo` VALUES (181, 1, 3, 60, 'KTT', '30', '0000-00-00', NULL, '', '', '');
INSERT INTO `trafo` VALUES (182, 1, 3, 61, '1', '60', '0000-00-00', NULL, '', '', '');
INSERT INTO `trafo` VALUES (183, 1, 3, 61, '2', '60', '0000-00-00', NULL, '', '', '');
INSERT INTO `trafo` VALUES (184, 1, 3, 61, '3', '60', '0000-00-00', NULL, '', '', '');
INSERT INTO `trafo` VALUES (185, 1, 3, 62, '1', '60', '0000-00-00', NULL, '', '', '');
INSERT INTO `trafo` VALUES (186, 1, 3, 62, '2', '60', '0000-00-00', NULL, '', '', '');
INSERT INTO `trafo` VALUES (187, 1, 3, 62, '3', '60', '0000-00-00', NULL, '', '', '');
INSERT INTO `trafo` VALUES (188, 1, 3, 62, '4', '60', '0000-00-00', NULL, '', '', '');
INSERT INTO `trafo` VALUES (189, 1, 3, 62, 'KTT', '40', '0000-00-00', NULL, '', '', '');
INSERT INTO `trafo` VALUES (190, 1, 3, 63, '1', '60', '0000-00-00', NULL, '', '', '');
INSERT INTO `trafo` VALUES (191, 1, 3, 63, '2', '60', '0000-00-00', NULL, '', '', '');
INSERT INTO `trafo` VALUES (192, 1, 3, 63, '3', '60', '0000-00-00', NULL, '', '', '');
INSERT INTO `trafo` VALUES (193, 1, 3, 63, '4', '60', '0000-00-00', NULL, '', '', '');
INSERT INTO `trafo` VALUES (194, 1, 3, 64, '1', '60', '0000-00-00', NULL, '', '', '');
INSERT INTO `trafo` VALUES (195, 1, 3, 64, '2', '60', '0000-00-00', NULL, '', '', '');
INSERT INTO `trafo` VALUES (196, 1, 3, 64, '3', '60', '0000-00-00', NULL, '', '', '');
INSERT INTO `trafo` VALUES (197, 1, 3, 64, '4', '', '0000-00-00', NULL, '', '', '');
INSERT INTO `trafo` VALUES (198, 1, 3, 64, '5', '60', '0000-00-00', NULL, '', '', '');
INSERT INTO `trafo` VALUES (199, 1, 3, 65, 'KTT', '37.5', '0000-00-00', NULL, '', '', '');
INSERT INTO `trafo` VALUES (200, 1, 3, 66, 'KTT', '30', '0000-00-00', NULL, '', '', '');
INSERT INTO `trafo` VALUES (201, 1, 3, 67, '1', '60', '0000-00-00', NULL, '', '', '');
INSERT INTO `trafo` VALUES (202, 1, 3, 67, 'KTT', '35', '0000-00-00', NULL, '', '', '');
INSERT INTO `trafo` VALUES (203, 1, 3, 68, '1', '60', '0000-00-00', NULL, '', '', '');
INSERT INTO `trafo` VALUES (204, 1, 3, 68, '2', '60', '0000-00-00', NULL, '', '', '');
INSERT INTO `trafo` VALUES (205, 1, 3, 69, '1', '60', '0000-00-00', NULL, '', '', '');
INSERT INTO `trafo` VALUES (206, 1, 3, 69, 'KTT', '100', '0000-00-00', NULL, '', '', '');
INSERT INTO `trafo` VALUES (207, 1, 3, 70, '1', '', '0000-00-00', NULL, '', '', '');
INSERT INTO `trafo` VALUES (208, 1, 3, 70, '2', '', '0000-00-00', NULL, '', '', '');
INSERT INTO `trafo` VALUES (209, 1, 3, 70, '3', '', '0000-00-00', NULL, '', '', '');
INSERT INTO `trafo` VALUES (210, 1, 3, 70, '4', '20', '0000-00-00', NULL, '', '', '');
INSERT INTO `trafo` VALUES (211, 1, 3, 70, '5', '60', '0000-00-00', NULL, '', '', '');
INSERT INTO `trafo` VALUES (212, 1, 3, 71, '1', '60', '0000-00-00', NULL, '', '', '');
INSERT INTO `trafo` VALUES (213, 1, 3, 71, '2', '60', '0000-00-00', NULL, '', '', '');
INSERT INTO `trafo` VALUES (214, 1, 3, 71, '3', '60', '0000-00-00', NULL, '', '', '');
INSERT INTO `trafo` VALUES (215, 1, 3, 72, 'KTT', '30', '0000-00-00', NULL, '', '', '');
INSERT INTO `trafo` VALUES (216, 1, 3, 73, 'KTT', '15.14', '0000-00-00', NULL, '', '', '');
INSERT INTO `trafo` VALUES (217, 1, 3, 74, 'KTT', '30', '0000-00-00', NULL, '', '', '');
INSERT INTO `trafo` VALUES (218, 1, 3, 75, 'KTT', '32', '0000-00-00', NULL, '', '', '');
INSERT INTO `trafo` VALUES (219, 1, 3, 76, 'KTT', '5.2', '0000-00-00', NULL, '', '', '');
INSERT INTO `trafo` VALUES (220, 1, 3, 77, '1', '60', '0000-00-00', NULL, '', '', '');
INSERT INTO `trafo` VALUES (221, 1, 3, 77, '2', '60', '0000-00-00', NULL, '', '', '');
INSERT INTO `trafo` VALUES (222, 1, 3, 78, '1', '', '0000-00-00', NULL, '', '', '');
INSERT INTO `trafo` VALUES (223, 1, 3, 78, '2', '', '0000-00-00', NULL, '', '', '');
INSERT INTO `trafo` VALUES (224, 1, 3, 78, '3', '', '0000-00-00', NULL, '', '', '');
INSERT INTO `trafo` VALUES (225, 1, 3, 78, '4', '20', '0000-00-00', NULL, '', '', '');
INSERT INTO `trafo` VALUES (226, 1, 3, 79, 'KTT', '30', '0000-00-00', NULL, '', '', '');
INSERT INTO `trafo` VALUES (227, 1, 3, 80, 'KTT', '180', '0000-00-00', NULL, '', '', '');
INSERT INTO `trafo` VALUES (228, 1, 3, 81, '1', '30', '0000-00-00', NULL, '', '', '');
INSERT INTO `trafo` VALUES (229, 1, 3, 81, '2', '30', '0000-00-00', NULL, '', '', '');
INSERT INTO `trafo` VALUES (230, 1, 3, 81, '3', '30', '0000-00-00', NULL, '', '', '');
INSERT INTO `trafo` VALUES (231, 1, 4, 82, '1', '30', '0000-00-00', 1, '9', '2017', '');
INSERT INTO `trafo` VALUES (232, 1, 4, 82, '2', '20', '0000-00-00', 1, '9', '2017', '');
INSERT INTO `trafo` VALUES (233, 1, 4, 82, '3', '30', '0000-00-00', NULL, '', '', '');
INSERT INTO `trafo` VALUES (234, 1, 4, 83, '1', '30', '0000-00-00', 1, '9', '2017', '');
INSERT INTO `trafo` VALUES (235, 1, 4, 83, '2', '30', '0000-00-00', NULL, '', '', '');
INSERT INTO `trafo` VALUES (236, 1, 4, 83, '3', '30', '0000-00-00', 1, '9', '2017', '');
INSERT INTO `trafo` VALUES (237, 1, 4, 84, '1', '30', '0000-00-00', NULL, '', '', '');
INSERT INTO `trafo` VALUES (238, 1, 4, 85, '1', '60', '0000-00-00', NULL, '', '', '');
INSERT INTO `trafo` VALUES (239, 1, 4, 85, '2', '60', '0000-00-00', NULL, '', '', '');
INSERT INTO `trafo` VALUES (240, 1, 4, 86, '1', '30', '0000-00-00', NULL, '', '', '');
INSERT INTO `trafo` VALUES (241, 1, 4, 86, '2', '', '0000-00-00', NULL, '', '', '');
INSERT INTO `trafo` VALUES (242, 1, 4, 86, '3', '30', '0000-00-00', NULL, '', '', '');
INSERT INTO `trafo` VALUES (243, 1, 4, 87, '1', '60', '0000-00-00', NULL, '', '', '');
INSERT INTO `trafo` VALUES (244, 1, 4, 87, '2', '', '0000-00-00', NULL, '', '', '');
INSERT INTO `trafo` VALUES (245, 1, 4, 87, '3', '60', '0000-00-00', NULL, '', '', '');
INSERT INTO `trafo` VALUES (246, 1, 4, 88, '1', '30', '0000-00-00', NULL, '', '', '');
INSERT INTO `trafo` VALUES (247, 1, 4, 88, '2', '30', '0000-00-00', NULL, '', '', '');
INSERT INTO `trafo` VALUES (248, 1, 4, 88, '3', '30', '0000-00-00', NULL, '', '', '');
INSERT INTO `trafo` VALUES (249, 1, 4, 89, '1', '30', '0000-00-00', NULL, '', '', '');
INSERT INTO `trafo` VALUES (250, 1, 4, 89, '2', '30', '0000-00-00', NULL, '', '', '');
INSERT INTO `trafo` VALUES (251, 1, 4, 89, '3', '30', '0000-00-00', NULL, '', '', '');
INSERT INTO `trafo` VALUES (252, 1, 4, 90, '1', '60', '0000-00-00', NULL, '', '', '');
INSERT INTO `trafo` VALUES (253, 1, 4, 90, '2', '60', '0000-00-00', NULL, '', '', '');
INSERT INTO `trafo` VALUES (254, 1, 4, 91, '1', '', '0000-00-00', NULL, '', '', '');
INSERT INTO `trafo` VALUES (255, 1, 4, 91, '2', '', '0000-00-00', NULL, '', '', '');
INSERT INTO `trafo` VALUES (256, 1, 4, 91, '3', '10', '0000-00-00', NULL, '', '', '');
INSERT INTO `trafo` VALUES (257, 1, 4, 92, 'KTT', '59', '0000-00-00', NULL, '', '', '');
INSERT INTO `trafo` VALUES (258, 1, 4, 93, '1', '', '0000-00-00', NULL, '', '', '');
INSERT INTO `trafo` VALUES (259, 1, 4, 93, '2', '', '0000-00-00', NULL, '', '', '');
INSERT INTO `trafo` VALUES (260, 1, 4, 93, '3', '', '0000-00-00', NULL, '', '', '');
INSERT INTO `trafo` VALUES (261, 1, 4, 93, '4', '60', '0000-00-00', NULL, '', '', '');
INSERT INTO `trafo` VALUES (262, 1, 4, 93, '5', '', '0000-00-00', NULL, '', '', '');
INSERT INTO `trafo` VALUES (263, 1, 4, 93, '6', '60', '0000-00-00', NULL, '', '', '');
INSERT INTO `trafo` VALUES (264, 1, 4, 93, '7', '60', '0000-00-00', NULL, '', '', '');
INSERT INTO `trafo` VALUES (265, 1, 4, 94, '1', '60', '0000-00-00', NULL, '', '', '');
INSERT INTO `trafo` VALUES (266, 1, 4, 95, '1', '', '0000-00-00', NULL, '', '', '');
INSERT INTO `trafo` VALUES (267, 1, 4, 95, '2', '60', '0000-00-00', NULL, '', '', '');
INSERT INTO `trafo` VALUES (268, 1, 4, 95, '3', '30', '0000-00-00', NULL, '', '', '');
INSERT INTO `trafo` VALUES (269, 1, 4, 95, '4', '60', '0000-00-00', NULL, '', '', '');
INSERT INTO `trafo` VALUES (270, 1, 4, 96, '1', '60', '0000-00-00', NULL, '', '', '');
INSERT INTO `trafo` VALUES (271, 1, 4, 96, '2', '30', '0000-00-00', NULL, '', '', '');
INSERT INTO `trafo` VALUES (272, 1, 4, 96, '3', '60', '0000-00-00', NULL, '', '', '');
INSERT INTO `trafo` VALUES (273, 1, 4, 97, '1', '60', '0000-00-00', NULL, '', '', '');
INSERT INTO `trafo` VALUES (274, 1, 4, 97, '2', '60', '0000-00-00', NULL, '', '', '');
INSERT INTO `trafo` VALUES (275, 1, 4, 97, '3', '60', '0000-00-00', NULL, '', '', '');
INSERT INTO `trafo` VALUES (276, 1, 4, 98, '1', '', '0000-00-00', NULL, '', '', '');
INSERT INTO `trafo` VALUES (277, 1, 4, 98, '2', '', '0000-00-00', NULL, '', '', '');
INSERT INTO `trafo` VALUES (278, 1, 4, 98, '3', '', '0000-00-00', NULL, '', '', '');
INSERT INTO `trafo` VALUES (279, 1, 4, 98, '4', '', '0000-00-00', NULL, '', '', '');
INSERT INTO `trafo` VALUES (280, 1, 4, 98, '5', '', '0000-00-00', NULL, '', '', '');
INSERT INTO `trafo` VALUES (281, 1, 4, 98, '6', '', '0000-00-00', NULL, '', '', '');
INSERT INTO `trafo` VALUES (282, 1, 4, 98, '7', '60', '0000-00-00', NULL, '', '', '');
INSERT INTO `trafo` VALUES (283, 1, 4, 99, '1', '30', '0000-00-00', NULL, '', '', '');
INSERT INTO `trafo` VALUES (284, 1, 4, 99, '2', '30', '0000-00-00', NULL, '', '', '');
INSERT INTO `trafo` VALUES (285, 1, 4, 99, '3', '20', '0000-00-00', NULL, '', '', '');
INSERT INTO `trafo` VALUES (286, 1, 4, 100, '1', '20', '0000-00-00', NULL, '', '', '');
INSERT INTO `trafo` VALUES (287, 1, 4, 100, '2', '10', '0000-00-00', NULL, '', '', '');
INSERT INTO `trafo` VALUES (288, 1, 4, 100, '3', '30', '0000-00-00', NULL, '', '', '');
INSERT INTO `trafo` VALUES (289, 1, 4, 101, '1', '20', '0000-00-00', NULL, '', '', '');
INSERT INTO `trafo` VALUES (290, 1, 4, 101, '2', '10', '0000-00-00', NULL, '', '', '');
INSERT INTO `trafo` VALUES (291, 1, 4, 101, '3', '30', '0000-00-00', NULL, '', '', '');
INSERT INTO `trafo` VALUES (292, 1, 4, 102, '1', '30', '0000-00-00', NULL, '', '', '');
INSERT INTO `trafo` VALUES (293, 1, 4, 102, '2', '30', '0000-00-00', NULL, '', '', '');
INSERT INTO `trafo` VALUES (294, 1, 4, 103, '1', '', '0000-00-00', NULL, '', '', '');
INSERT INTO `trafo` VALUES (295, 1, 4, 103, '2', '30', '0000-00-00', NULL, '', '', '');
INSERT INTO `trafo` VALUES (296, 1, 4, 103, '3', '60', '0000-00-00', NULL, '', '', '');
INSERT INTO `trafo` VALUES (297, 1, 4, 103, '4', '60', '0000-00-00', NULL, '', '', '');
INSERT INTO `trafo` VALUES (298, 1, 4, 103, '5', '60', '0000-00-00', NULL, '', '', '');
INSERT INTO `trafo` VALUES (299, 1, 4, 104, '1', '30', '0000-00-00', NULL, '', '', '');
INSERT INTO `trafo` VALUES (300, 1, 4, 104, '2', '60', '0000-00-00', NULL, '', '', '');
INSERT INTO `trafo` VALUES (301, 1, 4, 105, '1', '60', '0000-00-00', NULL, '', '', '');
INSERT INTO `trafo` VALUES (302, 1, 4, 106, '1', '30', '0000-00-00', NULL, '', '', '');
INSERT INTO `trafo` VALUES (303, 2, 5, 107, 'KTT', '60', '0000-00-00', NULL, '', '', '');
INSERT INTO `trafo` VALUES (304, 2, 5, 108, 'KTT', '30', '0000-00-00', NULL, '', '', '');
INSERT INTO `trafo` VALUES (305, 2, 5, 108, 'KTT', '30', '0000-00-00', NULL, '', '', '');
INSERT INTO `trafo` VALUES (306, 2, 5, 109, '1', '20', '0000-00-00', NULL, '', '', '');
INSERT INTO `trafo` VALUES (307, 2, 5, 109, '2', '20', '0000-00-00', NULL, '', '', '');
INSERT INTO `trafo` VALUES (308, 2, 5, 109, '3', '60', '0000-00-00', NULL, '', '', '');
INSERT INTO `trafo` VALUES (309, 2, 5, 109, '4', '60', '0000-00-00', NULL, '', '', '');
INSERT INTO `trafo` VALUES (310, 2, 5, 109, '5', '60', '0000-00-00', NULL, '', '', '');
INSERT INTO `trafo` VALUES (311, 2, 5, 110, '1', '60', '0000-00-00', NULL, '', '', '');
INSERT INTO `trafo` VALUES (312, 2, 5, 110, '2', '60', '0000-00-00', NULL, '', '', '');
INSERT INTO `trafo` VALUES (313, 2, 5, 111, '1', '60', '0000-00-00', NULL, '', '', '');
INSERT INTO `trafo` VALUES (314, 2, 5, 111, '2', '60', '0000-00-00', NULL, '', '', '');
INSERT INTO `trafo` VALUES (315, 2, 5, 112, '1', '60', '0000-00-00', NULL, '', '', '');
INSERT INTO `trafo` VALUES (316, 2, 5, 112, '2', '30', '0000-00-00', NULL, '', '', '');
INSERT INTO `trafo` VALUES (317, 2, 5, 113, '1', '', '0000-00-00', NULL, '', '', '');
INSERT INTO `trafo` VALUES (318, 2, 5, 113, '2', '30', '0000-00-00', NULL, '', '', '');
INSERT INTO `trafo` VALUES (319, 2, 5, 114, '1', '60', '0000-00-00', NULL, '', '', '');
INSERT INTO `trafo` VALUES (320, 2, 5, 114, '2', '20', '0000-00-00', NULL, '', '', '');
INSERT INTO `trafo` VALUES (321, 2, 5, 114, '3', '30', '0000-00-00', NULL, '', '', '');
INSERT INTO `trafo` VALUES (322, 2, 5, 115, '1', '30', '0000-00-00', NULL, '', '', '');
INSERT INTO `trafo` VALUES (323, 2, 5, 115, '2', '', '0000-00-00', NULL, '', '', '');
INSERT INTO `trafo` VALUES (324, 2, 5, 115, '3', '60', '0000-00-00', NULL, '', '', '');
INSERT INTO `trafo` VALUES (325, 2, 5, 116, '1', '60', '0000-00-00', NULL, '', '', '');
INSERT INTO `trafo` VALUES (326, 2, 5, 116, '2', '30', '0000-00-00', NULL, '', '', '');
INSERT INTO `trafo` VALUES (327, 2, 5, 117, '1', '20', '0000-00-00', NULL, '', '', '');
INSERT INTO `trafo` VALUES (328, 2, 5, 117, '2', '60', '0000-00-00', NULL, '', '', '');
INSERT INTO `trafo` VALUES (329, 2, 5, 117, '3', '30', '0000-00-00', NULL, '', '', '');
INSERT INTO `trafo` VALUES (330, 2, 5, 118, '1', '60', '0000-00-00', NULL, '', '', '');
INSERT INTO `trafo` VALUES (331, 2, 5, 119, '1', '20', '0000-00-00', NULL, '', '', '');
INSERT INTO `trafo` VALUES (332, 2, 5, 119, '2', '30', '0000-00-00', NULL, '', '', '');
INSERT INTO `trafo` VALUES (333, 2, 5, 119, '3', '60', '0000-00-00', NULL, '', '', '');
INSERT INTO `trafo` VALUES (334, 2, 5, 120, '1', '60', '0000-00-00', NULL, '', '', '');
INSERT INTO `trafo` VALUES (335, 2, 5, 120, '2', '30', '0000-00-00', NULL, '', '', '');
INSERT INTO `trafo` VALUES (336, 2, 5, 121, '1', '60', '0000-00-00', NULL, '', '', '');
INSERT INTO `trafo` VALUES (337, 2, 5, 122, '1', '60', '0000-00-00', NULL, '', '', '');
INSERT INTO `trafo` VALUES (338, 2, 5, 122, '2', '30', '0000-00-00', NULL, '', '', '');
INSERT INTO `trafo` VALUES (339, 2, 5, 122, '3', '60', '0000-00-00', NULL, '', '', '');
INSERT INTO `trafo` VALUES (340, 2, 5, 123, '1', '60', '0000-00-00', NULL, '', '', '');
INSERT INTO `trafo` VALUES (341, 2, 5, 123, '2', '20', '0000-00-00', NULL, '', '', '');
INSERT INTO `trafo` VALUES (342, 2, 5, 123, '3', '60', '0000-00-00', NULL, '', '', '');
INSERT INTO `trafo` VALUES (343, 2, 5, 123, '4', '60', '0000-00-00', NULL, '', '', '');
INSERT INTO `trafo` VALUES (344, 2, 5, 124, '1', '60', '0000-00-00', NULL, '', '', '');
INSERT INTO `trafo` VALUES (345, 2, 5, 124, '2', '60', '0000-00-00', NULL, '', '', '');
INSERT INTO `trafo` VALUES (346, 2, 5, 124, '3', '60', '0000-00-00', NULL, '', '', '');
INSERT INTO `trafo` VALUES (347, 2, 5, 125, '1', '60', '0000-00-00', NULL, '', '', '');
INSERT INTO `trafo` VALUES (348, 2, 5, 125, '2', '60', '0000-00-00', NULL, '', '', '');
INSERT INTO `trafo` VALUES (349, 2, 5, 125, '3', '60', '0000-00-00', NULL, '', '', '');
INSERT INTO `trafo` VALUES (350, 2, 5, 126, '1', '30', '0000-00-00', NULL, '', '', '');
INSERT INTO `trafo` VALUES (351, 2, 5, 126, '2', '60', '0000-00-00', NULL, '', '', '');
INSERT INTO `trafo` VALUES (352, 2, 5, 126, '3', '60', '0000-00-00', NULL, '', '', '');
INSERT INTO `trafo` VALUES (353, 2, 5, 127, '1', '60', '0000-00-00', NULL, '', '', '');
INSERT INTO `trafo` VALUES (354, 2, 6, 128, '1', '60', '0000-00-00', NULL, '', '', '');
INSERT INTO `trafo` VALUES (355, 2, 6, 128, '2', '60', '0000-00-00', NULL, '', '', '');
INSERT INTO `trafo` VALUES (356, 2, 6, 129, '1', '60', '0000-00-00', NULL, '', '', '');
INSERT INTO `trafo` VALUES (357, 2, 6, 129, '2', '60', '0000-00-00', NULL, '', '', '');
INSERT INTO `trafo` VALUES (358, 2, 6, 130, '1', '30', '0000-00-00', NULL, '', '', '');
INSERT INTO `trafo` VALUES (359, 2, 6, 131, '1', '60', '0000-00-00', NULL, '', '', '');
INSERT INTO `trafo` VALUES (360, 2, 6, 131, '2', '60', '0000-00-00', NULL, '', '', '');
INSERT INTO `trafo` VALUES (361, 2, 6, 132, '1', '60', '0000-00-00', NULL, '', '', '');
INSERT INTO `trafo` VALUES (362, 2, 6, 132, '2', '60', '0000-00-00', NULL, '', '', '');
INSERT INTO `trafo` VALUES (363, 2, 6, 132, '3', '60', '0000-00-00', NULL, '', '', '');
INSERT INTO `trafo` VALUES (364, 2, 6, 133, '1', '60', '0000-00-00', NULL, '', '', '');
INSERT INTO `trafo` VALUES (365, 2, 6, 133, '2', '60', '0000-00-00', NULL, '', '', '');
INSERT INTO `trafo` VALUES (366, 2, 6, 133, '3', '16', '0000-00-00', NULL, '', '', '');
INSERT INTO `trafo` VALUES (367, 2, 6, 134, '1', '60', '0000-00-00', NULL, '', '', '');
INSERT INTO `trafo` VALUES (368, 2, 6, 134, '2', '60', '0000-00-00', NULL, '', '', '');
INSERT INTO `trafo` VALUES (369, 2, 6, 135, '1', '60', '0000-00-00', NULL, '', '', '');
INSERT INTO `trafo` VALUES (370, 2, 6, 135, '2', '60', '0000-00-00', NULL, '', '', '');
INSERT INTO `trafo` VALUES (371, 2, 6, 135, '3', '60', '0000-00-00', NULL, '', '', '');
INSERT INTO `trafo` VALUES (372, 2, 6, 136, '1', '60', '0000-00-00', NULL, '', '', '');
INSERT INTO `trafo` VALUES (373, 2, 6, 136, '2', '60', '0000-00-00', NULL, '', '', '');
INSERT INTO `trafo` VALUES (374, 2, 6, 137, '1', '60', '0000-00-00', NULL, '', '', '');
INSERT INTO `trafo` VALUES (375, 2, 6, 137, '2', '60', '0000-00-00', NULL, '', '', '');
INSERT INTO `trafo` VALUES (376, 2, 6, 137, '3', '60', '0000-00-00', NULL, '', '', '');
INSERT INTO `trafo` VALUES (377, 2, 6, 138, '1', '60', '0000-00-00', NULL, '', '', '');
INSERT INTO `trafo` VALUES (378, 2, 6, 138, '2', '60', '0000-00-00', NULL, '', '', '');
INSERT INTO `trafo` VALUES (379, 2, 6, 139, '1', '60', '0000-00-00', NULL, '', '', '');
INSERT INTO `trafo` VALUES (380, 2, 6, 139, '2', '60', '0000-00-00', NULL, '', '', '');
INSERT INTO `trafo` VALUES (381, 2, 6, 140, '1', '60', '0000-00-00', NULL, '', '', '');
INSERT INTO `trafo` VALUES (382, 2, 6, 140, '2', '20', '0000-00-00', NULL, '', '', '');
INSERT INTO `trafo` VALUES (383, 2, 6, 140, '3', '60', '0000-00-00', NULL, '', '', '');
INSERT INTO `trafo` VALUES (384, 2, 6, 141, '1', '60', '0000-00-00', NULL, '', '', '');
INSERT INTO `trafo` VALUES (385, 2, 6, 141, '2', '60', '0000-00-00', NULL, '', '', '');
INSERT INTO `trafo` VALUES (386, 2, 6, 142, '1', '60', '0000-00-00', NULL, '', '', '');
INSERT INTO `trafo` VALUES (387, 2, 6, 142, '2', '60', '0000-00-00', NULL, '', '', '');
INSERT INTO `trafo` VALUES (388, 2, 6, 143, '1', '60', '0000-00-00', NULL, '', '', '');
INSERT INTO `trafo` VALUES (389, 2, 6, 144, '1', '60', '0000-00-00', NULL, '', '', '');
INSERT INTO `trafo` VALUES (390, 2, 6, 144, '2', '30', '0000-00-00', NULL, '', '', '');
INSERT INTO `trafo` VALUES (391, 2, 6, 144, '3', '30', '0000-00-00', NULL, '', '', '');
INSERT INTO `trafo` VALUES (392, 2, 6, 145, '1', '60', '0000-00-00', NULL, '', '', '');
INSERT INTO `trafo` VALUES (393, 2, 6, 145, '2', '', '0000-00-00', NULL, '', '', '');
INSERT INTO `trafo` VALUES (394, 2, 6, 145, '3', '30', '0000-00-00', NULL, '', '', '');
INSERT INTO `trafo` VALUES (395, 2, 6, 145, '4', '60', '0000-00-00', NULL, '', '', '');
INSERT INTO `trafo` VALUES (396, 2, 6, 146, '1', '60', '0000-00-00', NULL, '', '', '');
INSERT INTO `trafo` VALUES (397, 2, 6, 146, '2', '30', '0000-00-00', NULL, '', '', '');
INSERT INTO `trafo` VALUES (398, 2, 6, 147, '1', '30', '0000-00-00', NULL, '', '', '');
INSERT INTO `trafo` VALUES (399, 2, 6, 147, '2', '60', '0000-00-00', NULL, '', '', '');
INSERT INTO `trafo` VALUES (400, 2, 6, 148, '1', '30', '0000-00-00', NULL, '', '', '');
INSERT INTO `trafo` VALUES (401, 2, 6, 148, '2', '60', '0000-00-00', NULL, '', '', '');
INSERT INTO `trafo` VALUES (402, 2, 6, 148, '3', '60', '0000-00-00', NULL, '', '', '');
INSERT INTO `trafo` VALUES (403, 2, 6, 149, '1', '60', '0000-00-00', NULL, '', '', '');
INSERT INTO `trafo` VALUES (404, 2, 6, 149, '2', '60', '0000-00-00', NULL, '', '', '');
INSERT INTO `trafo` VALUES (405, 2, 6, 149, '3', '60', '0000-00-00', NULL, '', '', '');
INSERT INTO `trafo` VALUES (406, 2, 6, 150, '1', '60', '0000-00-00', NULL, '', '', '');
INSERT INTO `trafo` VALUES (407, 2, 6, 150, '2', '60', '0000-00-00', NULL, '', '', '');
INSERT INTO `trafo` VALUES (408, 2, 6, 151, '1', '30', '0000-00-00', NULL, '', '', '');
INSERT INTO `trafo` VALUES (409, 2, 6, 151, '2', '60', '0000-00-00', NULL, '', '', '');
INSERT INTO `trafo` VALUES (410, 2, 6, 152, '1', '', '0000-00-00', NULL, '', '', '');
INSERT INTO `trafo` VALUES (411, 2, 6, 152, '2', '60', '0000-00-00', NULL, '', '', '');
INSERT INTO `trafo` VALUES (412, 2, 6, 152, '3', '60', '0000-00-00', NULL, '', '', '');
INSERT INTO `trafo` VALUES (413, 2, 6, 152, '4', '60', '0000-00-00', NULL, '', '', '');
INSERT INTO `trafo` VALUES (414, 2, 6, 153, '1', '30', '0000-00-00', NULL, '', '', '');
INSERT INTO `trafo` VALUES (415, 2, 6, 153, '2', '30', '0000-00-00', NULL, '', '', '');
INSERT INTO `trafo` VALUES (416, 2, 6, 154, '1', '60', '0000-00-00', NULL, '', '', '');
INSERT INTO `trafo` VALUES (417, 2, 6, 154, '2', '30', '0000-00-00', NULL, '', '', '');
INSERT INTO `trafo` VALUES (418, 2, 6, 155, '1', '30', '0000-00-00', NULL, '', '', '');
INSERT INTO `trafo` VALUES (419, 2, 6, 155, '2', '60', '0000-00-00', NULL, '', '', '');
INSERT INTO `trafo` VALUES (420, 2, 6, 156, '1', '60', '0000-00-00', NULL, '', '', '');
INSERT INTO `trafo` VALUES (421, 2, 6, 157, '1', '16', '0000-00-00', NULL, '', '', '');
INSERT INTO `trafo` VALUES (422, 2, 7, 158, '1', '60', '0000-00-00', 2, '9', '', '');
INSERT INTO `trafo` VALUES (423, 2, 7, 158, '2', '30', '0000-00-00', 1, '9', '2017', '');
INSERT INTO `trafo` VALUES (424, 2, 7, 159, '1', '20', '0000-00-00', 1, '9', '2017', '');
INSERT INTO `trafo` VALUES (425, 2, 7, 159, '2', '60', '0000-00-00', NULL, '', '', '');
INSERT INTO `trafo` VALUES (426, 2, 7, 160, '1', '60', '0000-00-00', NULL, '', '', '');
INSERT INTO `trafo` VALUES (427, 2, 7, 160, '2', '30', '0000-00-00', NULL, '', '', '');
INSERT INTO `trafo` VALUES (428, 2, 7, 161, '1', '60', '0000-00-00', NULL, '', '', '');
INSERT INTO `trafo` VALUES (429, 2, 7, 161, '2', '30', '0000-00-00', NULL, '', '', '');
INSERT INTO `trafo` VALUES (430, 2, 7, 162, '1', '60', '0000-00-00', NULL, '', '', '');
INSERT INTO `trafo` VALUES (431, 2, 7, 162, '2', '60', '0000-00-00', NULL, '', '', '');
INSERT INTO `trafo` VALUES (432, 2, 7, 163, '1', '60', '0000-00-00', NULL, '', '', '');
INSERT INTO `trafo` VALUES (433, 2, 7, 163, '2', '60', '0000-00-00', NULL, '', '', '');
INSERT INTO `trafo` VALUES (434, 2, 7, 164, '1', '16', '0000-00-00', NULL, '', '', '');
INSERT INTO `trafo` VALUES (435, 2, 7, 165, '1', '60', '0000-00-00', NULL, '', '', '');
INSERT INTO `trafo` VALUES (436, 2, 7, 165, '2', '60', '0000-00-00', NULL, '', '', '');
INSERT INTO `trafo` VALUES (437, 2, 7, 165, '3', '60', '0000-00-00', NULL, '', '', '');
INSERT INTO `trafo` VALUES (438, 2, 7, 166, '1', '60', '0000-00-00', NULL, '', '', '');
INSERT INTO `trafo` VALUES (439, 2, 7, 166, '2', '60', '0000-00-00', NULL, '', '', '');
INSERT INTO `trafo` VALUES (440, 2, 7, 166, '3', '60', '0000-00-00', NULL, '', '', '');
INSERT INTO `trafo` VALUES (441, 2, 7, 167, '1', '60', '0000-00-00', NULL, '', '', '');
INSERT INTO `trafo` VALUES (442, 2, 7, 168, '1', '30', '0000-00-00', NULL, '', '', '');
INSERT INTO `trafo` VALUES (443, 2, 7, 168, '2', '60', '0000-00-00', NULL, '', '', '');
INSERT INTO `trafo` VALUES (444, 2, 7, 168, '3', '60', '0000-00-00', NULL, '', '', '');
INSERT INTO `trafo` VALUES (445, 2, 7, 169, '1', '60', '0000-00-00', NULL, '', '', '');
INSERT INTO `trafo` VALUES (446, 2, 7, 169, '2', '60', '0000-00-00', NULL, '', '', '');
INSERT INTO `trafo` VALUES (447, 2, 7, 169, '3', '60', '0000-00-00', NULL, '', '', '');
INSERT INTO `trafo` VALUES (448, 2, 7, 170, '1', '60', '0000-00-00', NULL, '', '', '');
INSERT INTO `trafo` VALUES (449, 2, 7, 170, '2', '60', '0000-00-00', NULL, '', '', '');
INSERT INTO `trafo` VALUES (450, 2, 7, 170, '3', '30', '0000-00-00', NULL, '', '', '');
INSERT INTO `trafo` VALUES (451, 2, 7, 171, '1', '60', '0000-00-00', NULL, '', '', '');
INSERT INTO `trafo` VALUES (452, 2, 7, 171, '2', '30', '0000-00-00', NULL, '', '', '');
INSERT INTO `trafo` VALUES (453, 2, 7, 172, '1', '30', '0000-00-00', NULL, '', '', '');
INSERT INTO `trafo` VALUES (454, 2, 7, 172, '2', '60', '0000-00-00', NULL, '', '', '');
INSERT INTO `trafo` VALUES (455, 2, 7, 172, '3', '60', '0000-00-00', NULL, '', '', '');
INSERT INTO `trafo` VALUES (456, 2, 7, 173, '1', '60', '0000-00-00', NULL, '', '', '');
INSERT INTO `trafo` VALUES (457, 2, 7, 173, '2', '31.5', '0000-00-00', NULL, '', '', '');
INSERT INTO `trafo` VALUES (458, 2, 7, 174, '1', '60', '0000-00-00', NULL, '', '', '');
INSERT INTO `trafo` VALUES (459, 2, 7, 174, '2', '60', '0000-00-00', NULL, '', '', '');
INSERT INTO `trafo` VALUES (460, 2, 7, 175, '1', '60', '0000-00-00', NULL, '', '', '');
INSERT INTO `trafo` VALUES (461, 2, 7, 176, '1', '', '0000-00-00', NULL, '', '', '');
INSERT INTO `trafo` VALUES (462, 2, 7, 176, '2', '60', '0000-00-00', NULL, '', '', '');
INSERT INTO `trafo` VALUES (463, 2, 7, 176, '3', '60', '0000-00-00', NULL, '', '', '');
INSERT INTO `trafo` VALUES (464, 2, 7, 177, '1', '16', '0000-00-00', NULL, '', '', '');
INSERT INTO `trafo` VALUES (465, 2, 7, 177, '2', '60', '0000-00-00', 1, '9', '2017', '');
INSERT INTO `trafo` VALUES (466, 2, 7, 178, '1', '60', '0000-00-00', NULL, '', '', '');
INSERT INTO `trafo` VALUES (467, 2, 7, 178, '2', '60', '0000-00-00', NULL, '', '', '');
INSERT INTO `trafo` VALUES (468, 2, 7, 179, '1', '60', '0000-00-00', NULL, '', '', '');
INSERT INTO `trafo` VALUES (469, 2, 7, 180, '1', '60', '0000-00-00', NULL, '', '', '');
INSERT INTO `trafo` VALUES (470, 2, 7, 180, '2', '60', '0000-00-00', NULL, '', '', '');
INSERT INTO `trafo` VALUES (471, 2, 7, 181, '1', '60', '0000-00-00', NULL, '', '', '');
INSERT INTO `trafo` VALUES (472, 2, 7, 181, '2', '60', '0000-00-00', NULL, '', '', '');
INSERT INTO `trafo` VALUES (473, 2, 7, 182, 'KTT', '76', '0000-00-00', NULL, '', '', '');
INSERT INTO `trafo` VALUES (474, 2, 7, 183, 'KTT', '30', '0000-00-00', NULL, '', '', '');
INSERT INTO `trafo` VALUES (475, 2, 7, 167, '2', '60', '2005-10-17', 0, '', '', '');

-- ----------------------------
-- Table structure for userakses
-- ----------------------------
DROP TABLE IF EXISTS `userakses`;
CREATE TABLE `userakses`  (
  `kodeakses` int(5) NOT NULL AUTO_INCREMENT,
  `kodelogin` int(5) NULL DEFAULT NULL,
  `kodeaplikasi` int(5) NULL DEFAULT NULL,
  `status` varchar(100) CHARACTER SET latin1 COLLATE latin1_swedish_ci NULL DEFAULT NULL,
  PRIMARY KEY (`kodeakses`) USING BTREE
) ENGINE = InnoDB AUTO_INCREMENT = 1274 CHARACTER SET = latin1 COLLATE = latin1_swedish_ci ROW_FORMAT = Compact;

-- ----------------------------
-- Records of userakses
-- ----------------------------
INSERT INTO `userakses` VALUES (1, 1, 1, 'aktif');
INSERT INTO `userakses` VALUES (2, 1, 2, 'aktif');
INSERT INTO `userakses` VALUES (3, 1, 3, 'aktif');
INSERT INTO `userakses` VALUES (4, 1, 4, 'aktif');
INSERT INTO `userakses` VALUES (5, 1, 5, 'aktif');
INSERT INTO `userakses` VALUES (6, 1, 6, 'aktif');
INSERT INTO `userakses` VALUES (7, 2, 1, 'aktif');
INSERT INTO `userakses` VALUES (8, 2, 2, 'aktif');
INSERT INTO `userakses` VALUES (9, 2, 3, 'aktif');
INSERT INTO `userakses` VALUES (10, 2, 4, 'aktif');
INSERT INTO `userakses` VALUES (11, 2, 5, 'aktif');
INSERT INTO `userakses` VALUES (12, 2, 6, 'aktif');
INSERT INTO `userakses` VALUES (13, 3, 1, 'aktif');
INSERT INTO `userakses` VALUES (14, 3, 2, 'aktif');
INSERT INTO `userakses` VALUES (15, 3, 3, 'aktif');
INSERT INTO `userakses` VALUES (16, 3, 4, 'aktif');
INSERT INTO `userakses` VALUES (17, 3, 5, 'aktif');
INSERT INTO `userakses` VALUES (18, 3, 6, 'aktif');
INSERT INTO `userakses` VALUES (19, 4, 1, 'aktif');
INSERT INTO `userakses` VALUES (20, 4, 2, 'aktif');
INSERT INTO `userakses` VALUES (21, 4, 3, 'aktif');
INSERT INTO `userakses` VALUES (22, 4, 4, 'aktif');
INSERT INTO `userakses` VALUES (23, 4, 5, 'aktif');
INSERT INTO `userakses` VALUES (24, 4, 6, 'aktif');
INSERT INTO `userakses` VALUES (25, 5, 1, 'aktif');
INSERT INTO `userakses` VALUES (26, 5, 2, 'aktif');
INSERT INTO `userakses` VALUES (27, 5, 3, 'aktif');
INSERT INTO `userakses` VALUES (28, 5, 4, 'aktif');
INSERT INTO `userakses` VALUES (29, 5, 5, 'aktif');
INSERT INTO `userakses` VALUES (30, 5, 6, 'aktif');
INSERT INTO `userakses` VALUES (31, 6, 1, 'aktif');
INSERT INTO `userakses` VALUES (32, 6, 2, 'aktif');
INSERT INTO `userakses` VALUES (33, 6, 3, 'aktif');
INSERT INTO `userakses` VALUES (34, 6, 4, 'aktif');
INSERT INTO `userakses` VALUES (35, 6, 5, 'aktif');
INSERT INTO `userakses` VALUES (36, 6, 6, 'aktif');
INSERT INTO `userakses` VALUES (37, 7, 1, 'aktif');
INSERT INTO `userakses` VALUES (38, 7, 2, 'aktif');
INSERT INTO `userakses` VALUES (39, 7, 3, 'aktif');
INSERT INTO `userakses` VALUES (40, 7, 4, 'aktif');
INSERT INTO `userakses` VALUES (41, 7, 5, 'aktif');
INSERT INTO `userakses` VALUES (42, 7, 6, 'aktif');
INSERT INTO `userakses` VALUES (43, 8, 1, 'aktif');
INSERT INTO `userakses` VALUES (44, 8, 2, 'aktif');
INSERT INTO `userakses` VALUES (45, 8, 3, 'aktif');
INSERT INTO `userakses` VALUES (46, 8, 4, 'aktif');
INSERT INTO `userakses` VALUES (47, 8, 5, 'aktif');
INSERT INTO `userakses` VALUES (48, 8, 6, 'aktif');
INSERT INTO `userakses` VALUES (49, 9, 1, 'aktif');
INSERT INTO `userakses` VALUES (50, 9, 2, 'aktif');
INSERT INTO `userakses` VALUES (51, 9, 3, 'aktif');
INSERT INTO `userakses` VALUES (52, 9, 4, 'aktif');
INSERT INTO `userakses` VALUES (53, 9, 5, 'aktif');
INSERT INTO `userakses` VALUES (54, 9, 6, 'aktif');
INSERT INTO `userakses` VALUES (55, 10, 1, 'aktif');
INSERT INTO `userakses` VALUES (56, 10, 2, 'aktif');
INSERT INTO `userakses` VALUES (57, 10, 3, 'aktif');
INSERT INTO `userakses` VALUES (58, 10, 4, 'aktif');
INSERT INTO `userakses` VALUES (59, 10, 5, 'aktif');
INSERT INTO `userakses` VALUES (60, 10, 6, 'aktif');
INSERT INTO `userakses` VALUES (61, 11, 1, 'aktif');
INSERT INTO `userakses` VALUES (62, 11, 2, 'aktif');
INSERT INTO `userakses` VALUES (63, 11, 3, 'aktif');
INSERT INTO `userakses` VALUES (64, 11, 4, 'aktif');
INSERT INTO `userakses` VALUES (65, 11, 5, 'aktif');
INSERT INTO `userakses` VALUES (66, 11, 6, 'aktif');
INSERT INTO `userakses` VALUES (67, 12, 1, 'aktif');
INSERT INTO `userakses` VALUES (68, 12, 2, 'aktif');
INSERT INTO `userakses` VALUES (69, 12, 3, 'aktif');
INSERT INTO `userakses` VALUES (70, 12, 4, 'aktif');
INSERT INTO `userakses` VALUES (71, 12, 5, 'aktif');
INSERT INTO `userakses` VALUES (72, 12, 6, 'aktif');
INSERT INTO `userakses` VALUES (73, 13, 1, 'aktif');
INSERT INTO `userakses` VALUES (74, 13, 2, 'aktif');
INSERT INTO `userakses` VALUES (75, 13, 3, 'aktif');
INSERT INTO `userakses` VALUES (76, 13, 4, 'aktif');
INSERT INTO `userakses` VALUES (77, 13, 5, 'aktif');
INSERT INTO `userakses` VALUES (78, 13, 6, 'aktif');
INSERT INTO `userakses` VALUES (79, 14, 1, 'aktif');
INSERT INTO `userakses` VALUES (80, 14, 2, 'aktif');
INSERT INTO `userakses` VALUES (81, 14, 3, 'aktif');
INSERT INTO `userakses` VALUES (82, 14, 4, 'aktif');
INSERT INTO `userakses` VALUES (83, 14, 5, 'aktif');
INSERT INTO `userakses` VALUES (84, 14, 6, 'aktif');
INSERT INTO `userakses` VALUES (85, 15, 1, 'aktif');
INSERT INTO `userakses` VALUES (86, 15, 2, 'aktif');
INSERT INTO `userakses` VALUES (87, 15, 3, 'aktif');
INSERT INTO `userakses` VALUES (88, 15, 4, 'aktif');
INSERT INTO `userakses` VALUES (89, 15, 5, 'aktif');
INSERT INTO `userakses` VALUES (90, 15, 6, 'aktif');
INSERT INTO `userakses` VALUES (91, 16, 1, 'aktif');
INSERT INTO `userakses` VALUES (92, 16, 2, 'aktif');
INSERT INTO `userakses` VALUES (93, 16, 3, 'aktif');
INSERT INTO `userakses` VALUES (94, 16, 4, 'aktif');
INSERT INTO `userakses` VALUES (95, 16, 5, 'aktif');
INSERT INTO `userakses` VALUES (96, 16, 6, 'aktif');
INSERT INTO `userakses` VALUES (97, 17, 1, 'aktif');
INSERT INTO `userakses` VALUES (98, 17, 2, 'aktif');
INSERT INTO `userakses` VALUES (99, 17, 3, 'aktif');
INSERT INTO `userakses` VALUES (100, 17, 4, 'aktif');
INSERT INTO `userakses` VALUES (101, 17, 5, 'aktif');
INSERT INTO `userakses` VALUES (102, 17, 6, 'aktif');
INSERT INTO `userakses` VALUES (103, 18, 1, 'aktif');
INSERT INTO `userakses` VALUES (104, 18, 2, 'aktif');
INSERT INTO `userakses` VALUES (105, 18, 3, 'aktif');
INSERT INTO `userakses` VALUES (106, 18, 4, 'aktif');
INSERT INTO `userakses` VALUES (107, 18, 5, 'aktif');
INSERT INTO `userakses` VALUES (108, 18, 6, 'aktif');
INSERT INTO `userakses` VALUES (109, 19, 1, 'aktif');
INSERT INTO `userakses` VALUES (110, 19, 2, 'aktif');
INSERT INTO `userakses` VALUES (111, 19, 3, 'aktif');
INSERT INTO `userakses` VALUES (112, 19, 4, 'aktif');
INSERT INTO `userakses` VALUES (113, 19, 5, 'aktif');
INSERT INTO `userakses` VALUES (114, 19, 6, 'aktif');
INSERT INTO `userakses` VALUES (115, 20, 1, 'aktif');
INSERT INTO `userakses` VALUES (116, 20, 2, 'aktif');
INSERT INTO `userakses` VALUES (117, 20, 3, 'aktif');
INSERT INTO `userakses` VALUES (118, 20, 4, 'aktif');
INSERT INTO `userakses` VALUES (119, 20, 5, 'aktif');
INSERT INTO `userakses` VALUES (120, 20, 6, 'aktif');
INSERT INTO `userakses` VALUES (121, 21, 1, 'aktif');
INSERT INTO `userakses` VALUES (122, 21, 2, 'aktif');
INSERT INTO `userakses` VALUES (123, 21, 3, 'aktif');
INSERT INTO `userakses` VALUES (124, 21, 4, 'aktif');
INSERT INTO `userakses` VALUES (125, 21, 5, 'aktif');
INSERT INTO `userakses` VALUES (126, 21, 6, 'aktif');
INSERT INTO `userakses` VALUES (127, 22, 1, 'aktif');
INSERT INTO `userakses` VALUES (128, 22, 2, 'aktif');
INSERT INTO `userakses` VALUES (129, 22, 3, 'aktif');
INSERT INTO `userakses` VALUES (130, 22, 4, 'aktif');
INSERT INTO `userakses` VALUES (131, 22, 5, 'aktif');
INSERT INTO `userakses` VALUES (132, 22, 6, 'aktif');
INSERT INTO `userakses` VALUES (133, 23, 1, 'aktif');
INSERT INTO `userakses` VALUES (134, 23, 2, 'aktif');
INSERT INTO `userakses` VALUES (135, 23, 3, 'aktif');
INSERT INTO `userakses` VALUES (136, 23, 4, 'aktif');
INSERT INTO `userakses` VALUES (137, 23, 5, 'aktif');
INSERT INTO `userakses` VALUES (138, 23, 6, 'aktif');
INSERT INTO `userakses` VALUES (139, 24, 1, 'aktif');
INSERT INTO `userakses` VALUES (140, 24, 2, 'aktif');
INSERT INTO `userakses` VALUES (141, 24, 3, 'aktif');
INSERT INTO `userakses` VALUES (142, 24, 4, 'aktif');
INSERT INTO `userakses` VALUES (143, 24, 5, 'aktif');
INSERT INTO `userakses` VALUES (144, 24, 6, 'aktif');
INSERT INTO `userakses` VALUES (145, 25, 1, 'aktif');
INSERT INTO `userakses` VALUES (146, 25, 2, 'aktif');
INSERT INTO `userakses` VALUES (147, 25, 3, 'aktif');
INSERT INTO `userakses` VALUES (148, 25, 4, 'aktif');
INSERT INTO `userakses` VALUES (149, 25, 5, 'aktif');
INSERT INTO `userakses` VALUES (150, 25, 6, 'aktif');
INSERT INTO `userakses` VALUES (151, 26, 1, 'aktif');
INSERT INTO `userakses` VALUES (152, 26, 2, 'aktif');
INSERT INTO `userakses` VALUES (153, 26, 3, 'aktif');
INSERT INTO `userakses` VALUES (154, 26, 4, 'aktif');
INSERT INTO `userakses` VALUES (155, 26, 5, 'aktif');
INSERT INTO `userakses` VALUES (156, 26, 6, 'aktif');
INSERT INTO `userakses` VALUES (157, 27, 1, 'aktif');
INSERT INTO `userakses` VALUES (158, 27, 2, 'aktif');
INSERT INTO `userakses` VALUES (159, 27, 3, 'aktif');
INSERT INTO `userakses` VALUES (160, 27, 4, 'aktif');
INSERT INTO `userakses` VALUES (161, 27, 5, 'aktif');
INSERT INTO `userakses` VALUES (162, 27, 6, 'aktif');
INSERT INTO `userakses` VALUES (163, 28, 1, 'aktif');
INSERT INTO `userakses` VALUES (164, 28, 2, 'aktif');
INSERT INTO `userakses` VALUES (165, 28, 3, 'aktif');
INSERT INTO `userakses` VALUES (166, 28, 4, 'aktif');
INSERT INTO `userakses` VALUES (167, 28, 5, 'aktif');
INSERT INTO `userakses` VALUES (168, 28, 6, 'aktif');
INSERT INTO `userakses` VALUES (169, 29, 1, 'aktif');
INSERT INTO `userakses` VALUES (170, 29, 2, 'aktif');
INSERT INTO `userakses` VALUES (171, 29, 3, 'aktif');
INSERT INTO `userakses` VALUES (172, 29, 4, 'aktif');
INSERT INTO `userakses` VALUES (173, 29, 5, 'aktif');
INSERT INTO `userakses` VALUES (174, 29, 6, 'aktif');
INSERT INTO `userakses` VALUES (175, 30, 1, 'aktif');
INSERT INTO `userakses` VALUES (176, 30, 2, 'aktif');
INSERT INTO `userakses` VALUES (177, 30, 3, 'aktif');
INSERT INTO `userakses` VALUES (178, 30, 4, 'aktif');
INSERT INTO `userakses` VALUES (179, 30, 5, 'aktif');
INSERT INTO `userakses` VALUES (180, 30, 6, 'aktif');
INSERT INTO `userakses` VALUES (181, 31, 1, 'aktif');
INSERT INTO `userakses` VALUES (182, 31, 2, 'aktif');
INSERT INTO `userakses` VALUES (183, 31, 3, 'aktif');
INSERT INTO `userakses` VALUES (184, 31, 4, 'aktif');
INSERT INTO `userakses` VALUES (185, 31, 5, 'aktif');
INSERT INTO `userakses` VALUES (186, 31, 6, 'aktif');
INSERT INTO `userakses` VALUES (187, 32, 1, 'aktif');
INSERT INTO `userakses` VALUES (188, 32, 2, 'aktif');
INSERT INTO `userakses` VALUES (189, 32, 3, 'aktif');
INSERT INTO `userakses` VALUES (190, 32, 4, 'aktif');
INSERT INTO `userakses` VALUES (191, 32, 5, 'aktif');
INSERT INTO `userakses` VALUES (192, 32, 6, 'aktif');
INSERT INTO `userakses` VALUES (193, 33, 1, 'aktif');
INSERT INTO `userakses` VALUES (194, 33, 2, 'aktif');
INSERT INTO `userakses` VALUES (195, 33, 3, 'aktif');
INSERT INTO `userakses` VALUES (196, 33, 4, 'aktif');
INSERT INTO `userakses` VALUES (197, 33, 5, 'aktif');
INSERT INTO `userakses` VALUES (198, 33, 6, 'aktif');
INSERT INTO `userakses` VALUES (199, 34, 1, 'aktif');
INSERT INTO `userakses` VALUES (200, 34, 2, 'aktif');
INSERT INTO `userakses` VALUES (201, 34, 3, 'aktif');
INSERT INTO `userakses` VALUES (202, 34, 4, 'aktif');
INSERT INTO `userakses` VALUES (203, 34, 5, 'aktif');
INSERT INTO `userakses` VALUES (204, 34, 6, 'aktif');
INSERT INTO `userakses` VALUES (205, 35, 1, 'aktif');
INSERT INTO `userakses` VALUES (206, 35, 2, 'aktif');
INSERT INTO `userakses` VALUES (207, 35, 3, 'aktif');
INSERT INTO `userakses` VALUES (208, 35, 4, 'aktif');
INSERT INTO `userakses` VALUES (209, 35, 5, 'aktif');
INSERT INTO `userakses` VALUES (210, 35, 6, 'aktif');
INSERT INTO `userakses` VALUES (211, 36, 1, 'aktif');
INSERT INTO `userakses` VALUES (212, 36, 2, 'aktif');
INSERT INTO `userakses` VALUES (213, 36, 3, 'aktif');
INSERT INTO `userakses` VALUES (214, 36, 4, 'aktif');
INSERT INTO `userakses` VALUES (215, 36, 5, 'aktif');
INSERT INTO `userakses` VALUES (216, 36, 6, 'aktif');
INSERT INTO `userakses` VALUES (217, 37, 1, 'aktif');
INSERT INTO `userakses` VALUES (218, 37, 2, 'aktif');
INSERT INTO `userakses` VALUES (219, 37, 3, 'aktif');
INSERT INTO `userakses` VALUES (220, 37, 4, 'aktif');
INSERT INTO `userakses` VALUES (221, 37, 5, 'aktif');
INSERT INTO `userakses` VALUES (222, 37, 6, 'aktif');
INSERT INTO `userakses` VALUES (223, 38, 1, 'aktif');
INSERT INTO `userakses` VALUES (224, 38, 2, 'aktif');
INSERT INTO `userakses` VALUES (225, 38, 3, 'aktif');
INSERT INTO `userakses` VALUES (226, 38, 4, 'aktif');
INSERT INTO `userakses` VALUES (227, 38, 5, 'aktif');
INSERT INTO `userakses` VALUES (228, 38, 6, 'aktif');
INSERT INTO `userakses` VALUES (229, 39, 1, 'aktif');
INSERT INTO `userakses` VALUES (230, 39, 2, 'aktif');
INSERT INTO `userakses` VALUES (231, 39, 3, 'aktif');
INSERT INTO `userakses` VALUES (232, 39, 4, 'aktif');
INSERT INTO `userakses` VALUES (233, 39, 5, 'aktif');
INSERT INTO `userakses` VALUES (234, 39, 6, 'aktif');
INSERT INTO `userakses` VALUES (235, 40, 1, 'aktif');
INSERT INTO `userakses` VALUES (236, 40, 2, 'aktif');
INSERT INTO `userakses` VALUES (237, 40, 3, 'aktif');
INSERT INTO `userakses` VALUES (238, 40, 4, 'aktif');
INSERT INTO `userakses` VALUES (239, 40, 5, 'aktif');
INSERT INTO `userakses` VALUES (240, 40, 6, 'aktif');
INSERT INTO `userakses` VALUES (241, 41, 1, 'aktif');
INSERT INTO `userakses` VALUES (242, 41, 2, 'aktif');
INSERT INTO `userakses` VALUES (243, 41, 3, 'aktif');
INSERT INTO `userakses` VALUES (244, 41, 4, 'aktif');
INSERT INTO `userakses` VALUES (245, 41, 5, 'aktif');
INSERT INTO `userakses` VALUES (246, 41, 6, 'aktif');
INSERT INTO `userakses` VALUES (247, 42, 1, 'aktif');
INSERT INTO `userakses` VALUES (248, 42, 2, 'aktif');
INSERT INTO `userakses` VALUES (249, 42, 3, 'aktif');
INSERT INTO `userakses` VALUES (250, 42, 4, 'aktif');
INSERT INTO `userakses` VALUES (251, 42, 5, 'aktif');
INSERT INTO `userakses` VALUES (252, 42, 6, 'aktif');
INSERT INTO `userakses` VALUES (253, 43, 1, 'aktif');
INSERT INTO `userakses` VALUES (254, 43, 2, 'aktif');
INSERT INTO `userakses` VALUES (255, 43, 3, 'aktif');
INSERT INTO `userakses` VALUES (256, 43, 4, 'aktif');
INSERT INTO `userakses` VALUES (257, 43, 5, 'aktif');
INSERT INTO `userakses` VALUES (258, 43, 6, 'aktif');
INSERT INTO `userakses` VALUES (259, 44, 1, 'aktif');
INSERT INTO `userakses` VALUES (260, 44, 2, 'aktif');
INSERT INTO `userakses` VALUES (261, 44, 3, 'aktif');
INSERT INTO `userakses` VALUES (262, 44, 4, 'aktif');
INSERT INTO `userakses` VALUES (263, 44, 5, 'aktif');
INSERT INTO `userakses` VALUES (264, 44, 6, 'aktif');
INSERT INTO `userakses` VALUES (265, 45, 1, 'aktif');
INSERT INTO `userakses` VALUES (266, 45, 2, 'aktif');
INSERT INTO `userakses` VALUES (267, 45, 3, 'aktif');
INSERT INTO `userakses` VALUES (268, 45, 4, 'aktif');
INSERT INTO `userakses` VALUES (269, 45, 5, 'aktif');
INSERT INTO `userakses` VALUES (270, 45, 6, 'aktif');
INSERT INTO `userakses` VALUES (271, 46, 1, 'aktif');
INSERT INTO `userakses` VALUES (272, 46, 2, 'aktif');
INSERT INTO `userakses` VALUES (273, 46, 3, 'aktif');
INSERT INTO `userakses` VALUES (274, 46, 4, 'aktif');
INSERT INTO `userakses` VALUES (275, 46, 5, 'aktif');
INSERT INTO `userakses` VALUES (276, 46, 6, 'aktif');
INSERT INTO `userakses` VALUES (277, 47, 1, 'aktif');
INSERT INTO `userakses` VALUES (278, 47, 2, 'aktif');
INSERT INTO `userakses` VALUES (279, 47, 3, 'aktif');
INSERT INTO `userakses` VALUES (280, 47, 4, 'aktif');
INSERT INTO `userakses` VALUES (281, 47, 5, 'aktif');
INSERT INTO `userakses` VALUES (282, 47, 6, 'aktif');
INSERT INTO `userakses` VALUES (283, 48, 1, 'aktif');
INSERT INTO `userakses` VALUES (284, 48, 2, 'aktif');
INSERT INTO `userakses` VALUES (285, 48, 3, 'aktif');
INSERT INTO `userakses` VALUES (286, 48, 4, 'aktif');
INSERT INTO `userakses` VALUES (287, 48, 5, 'aktif');
INSERT INTO `userakses` VALUES (288, 48, 6, 'aktif');
INSERT INTO `userakses` VALUES (289, 49, 1, 'aktif');
INSERT INTO `userakses` VALUES (290, 49, 2, 'aktif');
INSERT INTO `userakses` VALUES (291, 49, 3, 'aktif');
INSERT INTO `userakses` VALUES (292, 49, 4, 'aktif');
INSERT INTO `userakses` VALUES (293, 49, 5, 'aktif');
INSERT INTO `userakses` VALUES (294, 49, 6, 'aktif');
INSERT INTO `userakses` VALUES (295, 50, 1, 'aktif');
INSERT INTO `userakses` VALUES (296, 50, 2, 'aktif');
INSERT INTO `userakses` VALUES (297, 50, 3, 'aktif');
INSERT INTO `userakses` VALUES (298, 50, 4, 'aktif');
INSERT INTO `userakses` VALUES (299, 50, 5, 'aktif');
INSERT INTO `userakses` VALUES (300, 50, 6, 'aktif');
INSERT INTO `userakses` VALUES (301, 51, 1, 'aktif');
INSERT INTO `userakses` VALUES (302, 51, 2, 'aktif');
INSERT INTO `userakses` VALUES (303, 51, 3, 'aktif');
INSERT INTO `userakses` VALUES (304, 51, 4, 'aktif');
INSERT INTO `userakses` VALUES (305, 51, 5, 'aktif');
INSERT INTO `userakses` VALUES (306, 51, 6, 'aktif');
INSERT INTO `userakses` VALUES (307, 52, 1, 'aktif');
INSERT INTO `userakses` VALUES (308, 52, 2, 'aktif');
INSERT INTO `userakses` VALUES (309, 52, 3, 'aktif');
INSERT INTO `userakses` VALUES (310, 52, 4, 'aktif');
INSERT INTO `userakses` VALUES (311, 52, 5, 'aktif');
INSERT INTO `userakses` VALUES (312, 52, 6, 'aktif');
INSERT INTO `userakses` VALUES (313, 53, 1, 'aktif');
INSERT INTO `userakses` VALUES (314, 53, 2, 'aktif');
INSERT INTO `userakses` VALUES (315, 53, 3, 'aktif');
INSERT INTO `userakses` VALUES (316, 53, 4, 'aktif');
INSERT INTO `userakses` VALUES (317, 53, 5, 'aktif');
INSERT INTO `userakses` VALUES (318, 53, 6, 'aktif');
INSERT INTO `userakses` VALUES (319, 54, 1, 'aktif');
INSERT INTO `userakses` VALUES (320, 54, 2, 'aktif');
INSERT INTO `userakses` VALUES (321, 54, 3, 'aktif');
INSERT INTO `userakses` VALUES (322, 54, 4, 'aktif');
INSERT INTO `userakses` VALUES (323, 54, 5, 'aktif');
INSERT INTO `userakses` VALUES (324, 54, 6, 'aktif');
INSERT INTO `userakses` VALUES (325, 55, 1, 'aktif');
INSERT INTO `userakses` VALUES (326, 55, 2, 'aktif');
INSERT INTO `userakses` VALUES (327, 55, 3, 'aktif');
INSERT INTO `userakses` VALUES (328, 55, 4, 'aktif');
INSERT INTO `userakses` VALUES (329, 55, 5, 'aktif');
INSERT INTO `userakses` VALUES (330, 55, 6, 'aktif');
INSERT INTO `userakses` VALUES (331, 56, 1, 'aktif');
INSERT INTO `userakses` VALUES (332, 56, 2, 'aktif');
INSERT INTO `userakses` VALUES (333, 56, 3, 'aktif');
INSERT INTO `userakses` VALUES (334, 56, 4, 'aktif');
INSERT INTO `userakses` VALUES (335, 56, 5, 'aktif');
INSERT INTO `userakses` VALUES (336, 56, 6, 'aktif');
INSERT INTO `userakses` VALUES (337, 57, 1, 'aktif');
INSERT INTO `userakses` VALUES (338, 57, 2, 'aktif');
INSERT INTO `userakses` VALUES (339, 57, 3, 'aktif');
INSERT INTO `userakses` VALUES (340, 57, 4, 'aktif');
INSERT INTO `userakses` VALUES (341, 57, 5, 'aktif');
INSERT INTO `userakses` VALUES (342, 57, 6, 'aktif');
INSERT INTO `userakses` VALUES (343, 58, 1, 'aktif');
INSERT INTO `userakses` VALUES (344, 58, 2, 'aktif');
INSERT INTO `userakses` VALUES (345, 58, 3, 'aktif');
INSERT INTO `userakses` VALUES (346, 58, 4, 'aktif');
INSERT INTO `userakses` VALUES (347, 58, 5, 'aktif');
INSERT INTO `userakses` VALUES (348, 58, 6, 'aktif');
INSERT INTO `userakses` VALUES (349, 59, 1, 'aktif');
INSERT INTO `userakses` VALUES (350, 59, 2, 'aktif');
INSERT INTO `userakses` VALUES (351, 59, 3, 'aktif');
INSERT INTO `userakses` VALUES (352, 59, 4, 'aktif');
INSERT INTO `userakses` VALUES (353, 59, 5, 'aktif');
INSERT INTO `userakses` VALUES (354, 59, 6, 'aktif');
INSERT INTO `userakses` VALUES (355, 60, 1, 'aktif');
INSERT INTO `userakses` VALUES (356, 60, 2, 'aktif');
INSERT INTO `userakses` VALUES (357, 60, 3, 'aktif');
INSERT INTO `userakses` VALUES (358, 60, 4, 'aktif');
INSERT INTO `userakses` VALUES (359, 60, 5, 'aktif');
INSERT INTO `userakses` VALUES (360, 60, 6, 'aktif');
INSERT INTO `userakses` VALUES (361, 61, 1, 'aktif');
INSERT INTO `userakses` VALUES (362, 61, 2, 'aktif');
INSERT INTO `userakses` VALUES (363, 61, 3, 'aktif');
INSERT INTO `userakses` VALUES (364, 61, 4, 'aktif');
INSERT INTO `userakses` VALUES (365, 61, 5, 'aktif');
INSERT INTO `userakses` VALUES (366, 61, 6, 'aktif');
INSERT INTO `userakses` VALUES (367, 62, 1, 'aktif');
INSERT INTO `userakses` VALUES (368, 62, 2, 'aktif');
INSERT INTO `userakses` VALUES (369, 62, 3, 'aktif');
INSERT INTO `userakses` VALUES (370, 62, 4, 'aktif');
INSERT INTO `userakses` VALUES (371, 62, 5, 'aktif');
INSERT INTO `userakses` VALUES (372, 62, 6, 'aktif');
INSERT INTO `userakses` VALUES (373, 63, 1, 'aktif');
INSERT INTO `userakses` VALUES (374, 63, 2, 'aktif');
INSERT INTO `userakses` VALUES (375, 63, 3, 'aktif');
INSERT INTO `userakses` VALUES (376, 63, 4, 'aktif');
INSERT INTO `userakses` VALUES (377, 63, 5, 'aktif');
INSERT INTO `userakses` VALUES (378, 63, 6, 'aktif');
INSERT INTO `userakses` VALUES (379, 64, 1, 'aktif');
INSERT INTO `userakses` VALUES (380, 64, 2, 'aktif');
INSERT INTO `userakses` VALUES (381, 64, 3, 'aktif');
INSERT INTO `userakses` VALUES (382, 64, 4, 'aktif');
INSERT INTO `userakses` VALUES (383, 64, 5, 'aktif');
INSERT INTO `userakses` VALUES (384, 64, 6, 'aktif');
INSERT INTO `userakses` VALUES (385, 65, 1, 'aktif');
INSERT INTO `userakses` VALUES (386, 65, 2, 'aktif');
INSERT INTO `userakses` VALUES (387, 65, 3, 'aktif');
INSERT INTO `userakses` VALUES (388, 65, 4, 'aktif');
INSERT INTO `userakses` VALUES (389, 65, 5, 'aktif');
INSERT INTO `userakses` VALUES (390, 65, 6, 'aktif');
INSERT INTO `userakses` VALUES (391, 66, 1, 'aktif');
INSERT INTO `userakses` VALUES (392, 66, 2, 'aktif');
INSERT INTO `userakses` VALUES (393, 66, 3, 'aktif');
INSERT INTO `userakses` VALUES (394, 66, 4, 'aktif');
INSERT INTO `userakses` VALUES (395, 66, 5, 'aktif');
INSERT INTO `userakses` VALUES (396, 66, 6, 'aktif');
INSERT INTO `userakses` VALUES (397, 67, 1, 'aktif');
INSERT INTO `userakses` VALUES (398, 67, 2, 'aktif');
INSERT INTO `userakses` VALUES (399, 67, 3, 'aktif');
INSERT INTO `userakses` VALUES (400, 67, 4, 'aktif');
INSERT INTO `userakses` VALUES (401, 67, 5, 'aktif');
INSERT INTO `userakses` VALUES (402, 67, 6, 'aktif');
INSERT INTO `userakses` VALUES (403, 68, 1, 'aktif');
INSERT INTO `userakses` VALUES (404, 68, 2, 'aktif');
INSERT INTO `userakses` VALUES (405, 68, 3, 'aktif');
INSERT INTO `userakses` VALUES (406, 68, 4, 'aktif');
INSERT INTO `userakses` VALUES (407, 68, 5, 'aktif');
INSERT INTO `userakses` VALUES (408, 68, 6, 'aktif');
INSERT INTO `userakses` VALUES (409, 69, 1, 'aktif');
INSERT INTO `userakses` VALUES (410, 69, 2, 'aktif');
INSERT INTO `userakses` VALUES (411, 69, 3, 'aktif');
INSERT INTO `userakses` VALUES (412, 69, 4, 'aktif');
INSERT INTO `userakses` VALUES (413, 69, 5, 'aktif');
INSERT INTO `userakses` VALUES (414, 69, 6, 'aktif');
INSERT INTO `userakses` VALUES (415, 70, 1, 'aktif');
INSERT INTO `userakses` VALUES (416, 70, 2, 'aktif');
INSERT INTO `userakses` VALUES (417, 70, 3, 'aktif');
INSERT INTO `userakses` VALUES (418, 70, 4, 'aktif');
INSERT INTO `userakses` VALUES (419, 70, 5, 'aktif');
INSERT INTO `userakses` VALUES (420, 70, 6, 'aktif');
INSERT INTO `userakses` VALUES (421, 71, 1, 'aktif');
INSERT INTO `userakses` VALUES (422, 71, 2, 'aktif');
INSERT INTO `userakses` VALUES (423, 71, 3, 'aktif');
INSERT INTO `userakses` VALUES (424, 71, 4, 'aktif');
INSERT INTO `userakses` VALUES (425, 71, 5, 'aktif');
INSERT INTO `userakses` VALUES (426, 71, 6, 'aktif');
INSERT INTO `userakses` VALUES (427, 72, 1, 'aktif');
INSERT INTO `userakses` VALUES (428, 72, 2, 'aktif');
INSERT INTO `userakses` VALUES (429, 72, 3, 'aktif');
INSERT INTO `userakses` VALUES (430, 72, 4, 'aktif');
INSERT INTO `userakses` VALUES (431, 72, 5, 'aktif');
INSERT INTO `userakses` VALUES (432, 72, 6, 'aktif');
INSERT INTO `userakses` VALUES (433, 73, 1, 'aktif');
INSERT INTO `userakses` VALUES (434, 73, 2, 'aktif');
INSERT INTO `userakses` VALUES (435, 73, 3, 'aktif');
INSERT INTO `userakses` VALUES (436, 73, 4, 'aktif');
INSERT INTO `userakses` VALUES (437, 73, 5, 'aktif');
INSERT INTO `userakses` VALUES (438, 73, 6, 'aktif');
INSERT INTO `userakses` VALUES (439, 74, 1, 'aktif');
INSERT INTO `userakses` VALUES (440, 74, 2, 'aktif');
INSERT INTO `userakses` VALUES (441, 74, 3, 'aktif');
INSERT INTO `userakses` VALUES (442, 74, 4, 'aktif');
INSERT INTO `userakses` VALUES (443, 74, 5, 'aktif');
INSERT INTO `userakses` VALUES (444, 74, 6, 'aktif');
INSERT INTO `userakses` VALUES (445, 75, 1, 'aktif');
INSERT INTO `userakses` VALUES (446, 75, 2, 'aktif');
INSERT INTO `userakses` VALUES (447, 75, 3, 'aktif');
INSERT INTO `userakses` VALUES (448, 75, 4, 'aktif');
INSERT INTO `userakses` VALUES (449, 75, 5, 'aktif');
INSERT INTO `userakses` VALUES (450, 75, 6, 'aktif');
INSERT INTO `userakses` VALUES (451, 76, 1, 'aktif');
INSERT INTO `userakses` VALUES (452, 76, 2, 'aktif');
INSERT INTO `userakses` VALUES (453, 76, 3, 'aktif');
INSERT INTO `userakses` VALUES (454, 76, 4, 'aktif');
INSERT INTO `userakses` VALUES (455, 76, 5, 'aktif');
INSERT INTO `userakses` VALUES (456, 76, 6, 'aktif');
INSERT INTO `userakses` VALUES (457, 77, 1, 'aktif');
INSERT INTO `userakses` VALUES (458, 77, 2, 'aktif');
INSERT INTO `userakses` VALUES (459, 77, 3, 'aktif');
INSERT INTO `userakses` VALUES (460, 77, 4, 'aktif');
INSERT INTO `userakses` VALUES (461, 77, 5, 'aktif');
INSERT INTO `userakses` VALUES (462, 77, 6, 'aktif');
INSERT INTO `userakses` VALUES (463, 78, 1, 'aktif');
INSERT INTO `userakses` VALUES (464, 78, 2, 'aktif');
INSERT INTO `userakses` VALUES (465, 78, 3, 'aktif');
INSERT INTO `userakses` VALUES (466, 78, 4, 'aktif');
INSERT INTO `userakses` VALUES (467, 78, 5, 'aktif');
INSERT INTO `userakses` VALUES (468, 78, 6, 'aktif');
INSERT INTO `userakses` VALUES (469, 79, 1, 'aktif');
INSERT INTO `userakses` VALUES (470, 79, 2, 'aktif');
INSERT INTO `userakses` VALUES (471, 79, 3, 'aktif');
INSERT INTO `userakses` VALUES (472, 79, 4, 'aktif');
INSERT INTO `userakses` VALUES (473, 79, 5, 'aktif');
INSERT INTO `userakses` VALUES (474, 79, 6, 'aktif');
INSERT INTO `userakses` VALUES (475, 80, 1, 'aktif');
INSERT INTO `userakses` VALUES (476, 80, 2, 'aktif');
INSERT INTO `userakses` VALUES (477, 80, 3, 'aktif');
INSERT INTO `userakses` VALUES (478, 80, 4, 'aktif');
INSERT INTO `userakses` VALUES (479, 80, 5, 'aktif');
INSERT INTO `userakses` VALUES (480, 80, 6, 'aktif');
INSERT INTO `userakses` VALUES (481, 81, 1, 'aktif');
INSERT INTO `userakses` VALUES (482, 81, 2, 'aktif');
INSERT INTO `userakses` VALUES (483, 81, 3, 'aktif');
INSERT INTO `userakses` VALUES (484, 81, 4, 'aktif');
INSERT INTO `userakses` VALUES (485, 81, 5, 'aktif');
INSERT INTO `userakses` VALUES (486, 81, 6, 'aktif');
INSERT INTO `userakses` VALUES (487, 82, 1, 'aktif');
INSERT INTO `userakses` VALUES (488, 82, 2, 'aktif');
INSERT INTO `userakses` VALUES (489, 82, 3, 'aktif');
INSERT INTO `userakses` VALUES (490, 82, 4, 'aktif');
INSERT INTO `userakses` VALUES (491, 82, 5, 'aktif');
INSERT INTO `userakses` VALUES (492, 82, 6, 'aktif');
INSERT INTO `userakses` VALUES (493, 83, 1, 'aktif');
INSERT INTO `userakses` VALUES (494, 83, 2, 'aktif');
INSERT INTO `userakses` VALUES (495, 83, 3, 'aktif');
INSERT INTO `userakses` VALUES (496, 83, 4, 'aktif');
INSERT INTO `userakses` VALUES (497, 83, 5, 'aktif');
INSERT INTO `userakses` VALUES (498, 83, 6, 'aktif');
INSERT INTO `userakses` VALUES (499, 84, 1, 'aktif');
INSERT INTO `userakses` VALUES (500, 84, 2, 'aktif');
INSERT INTO `userakses` VALUES (501, 84, 3, 'aktif');
INSERT INTO `userakses` VALUES (502, 84, 4, 'aktif');
INSERT INTO `userakses` VALUES (503, 84, 5, 'aktif');
INSERT INTO `userakses` VALUES (504, 84, 6, 'aktif');
INSERT INTO `userakses` VALUES (505, 85, 1, 'aktif');
INSERT INTO `userakses` VALUES (506, 85, 2, 'aktif');
INSERT INTO `userakses` VALUES (507, 85, 3, 'aktif');
INSERT INTO `userakses` VALUES (508, 85, 4, 'aktif');
INSERT INTO `userakses` VALUES (509, 85, 5, 'aktif');
INSERT INTO `userakses` VALUES (510, 85, 6, 'aktif');
INSERT INTO `userakses` VALUES (511, 86, 1, 'aktif');
INSERT INTO `userakses` VALUES (512, 86, 2, 'aktif');
INSERT INTO `userakses` VALUES (513, 86, 3, 'aktif');
INSERT INTO `userakses` VALUES (514, 86, 4, 'aktif');
INSERT INTO `userakses` VALUES (515, 86, 5, 'aktif');
INSERT INTO `userakses` VALUES (516, 86, 6, 'aktif');
INSERT INTO `userakses` VALUES (517, 87, 1, 'aktif');
INSERT INTO `userakses` VALUES (518, 87, 2, 'aktif');
INSERT INTO `userakses` VALUES (519, 87, 3, 'aktif');
INSERT INTO `userakses` VALUES (520, 87, 4, 'aktif');
INSERT INTO `userakses` VALUES (521, 87, 5, 'aktif');
INSERT INTO `userakses` VALUES (522, 87, 6, 'aktif');
INSERT INTO `userakses` VALUES (523, 88, 1, 'aktif');
INSERT INTO `userakses` VALUES (524, 88, 2, 'aktif');
INSERT INTO `userakses` VALUES (525, 88, 3, 'aktif');
INSERT INTO `userakses` VALUES (526, 88, 4, 'aktif');
INSERT INTO `userakses` VALUES (527, 88, 5, 'aktif');
INSERT INTO `userakses` VALUES (528, 88, 6, 'aktif');
INSERT INTO `userakses` VALUES (529, 89, 1, 'aktif');
INSERT INTO `userakses` VALUES (530, 89, 2, 'aktif');
INSERT INTO `userakses` VALUES (531, 89, 3, 'aktif');
INSERT INTO `userakses` VALUES (532, 89, 4, 'aktif');
INSERT INTO `userakses` VALUES (533, 89, 5, 'aktif');
INSERT INTO `userakses` VALUES (534, 89, 6, 'aktif');
INSERT INTO `userakses` VALUES (535, 90, 1, 'aktif');
INSERT INTO `userakses` VALUES (536, 90, 2, 'aktif');
INSERT INTO `userakses` VALUES (537, 90, 3, 'aktif');
INSERT INTO `userakses` VALUES (538, 90, 4, 'aktif');
INSERT INTO `userakses` VALUES (539, 90, 5, 'aktif');
INSERT INTO `userakses` VALUES (540, 90, 6, 'aktif');
INSERT INTO `userakses` VALUES (541, 91, 1, 'aktif');
INSERT INTO `userakses` VALUES (542, 91, 2, 'aktif');
INSERT INTO `userakses` VALUES (543, 91, 3, 'aktif');
INSERT INTO `userakses` VALUES (544, 91, 4, 'aktif');
INSERT INTO `userakses` VALUES (545, 91, 5, 'aktif');
INSERT INTO `userakses` VALUES (546, 91, 6, 'aktif');
INSERT INTO `userakses` VALUES (547, 92, 1, 'aktif');
INSERT INTO `userakses` VALUES (548, 92, 2, 'aktif');
INSERT INTO `userakses` VALUES (549, 92, 3, 'aktif');
INSERT INTO `userakses` VALUES (550, 92, 4, 'aktif');
INSERT INTO `userakses` VALUES (551, 92, 5, 'aktif');
INSERT INTO `userakses` VALUES (552, 92, 6, 'aktif');
INSERT INTO `userakses` VALUES (553, 93, 1, 'aktif');
INSERT INTO `userakses` VALUES (554, 93, 2, 'aktif');
INSERT INTO `userakses` VALUES (555, 93, 3, 'aktif');
INSERT INTO `userakses` VALUES (556, 93, 4, 'aktif');
INSERT INTO `userakses` VALUES (557, 93, 5, 'aktif');
INSERT INTO `userakses` VALUES (558, 93, 6, 'aktif');
INSERT INTO `userakses` VALUES (559, 94, 1, 'aktif');
INSERT INTO `userakses` VALUES (560, 94, 2, 'aktif');
INSERT INTO `userakses` VALUES (561, 94, 3, 'aktif');
INSERT INTO `userakses` VALUES (562, 94, 4, 'aktif');
INSERT INTO `userakses` VALUES (563, 94, 5, 'aktif');
INSERT INTO `userakses` VALUES (564, 94, 6, 'aktif');
INSERT INTO `userakses` VALUES (565, 95, 1, 'aktif');
INSERT INTO `userakses` VALUES (566, 95, 2, 'aktif');
INSERT INTO `userakses` VALUES (567, 95, 3, 'aktif');
INSERT INTO `userakses` VALUES (568, 95, 4, 'aktif');
INSERT INTO `userakses` VALUES (569, 95, 5, 'aktif');
INSERT INTO `userakses` VALUES (570, 95, 6, 'aktif');
INSERT INTO `userakses` VALUES (571, 96, 1, 'aktif');
INSERT INTO `userakses` VALUES (572, 96, 2, 'aktif');
INSERT INTO `userakses` VALUES (573, 96, 3, 'aktif');
INSERT INTO `userakses` VALUES (574, 96, 4, 'aktif');
INSERT INTO `userakses` VALUES (575, 96, 5, 'aktif');
INSERT INTO `userakses` VALUES (576, 96, 6, 'aktif');
INSERT INTO `userakses` VALUES (577, 97, 1, 'aktif');
INSERT INTO `userakses` VALUES (578, 97, 2, 'aktif');
INSERT INTO `userakses` VALUES (579, 97, 3, 'aktif');
INSERT INTO `userakses` VALUES (580, 97, 4, 'aktif');
INSERT INTO `userakses` VALUES (581, 97, 5, 'aktif');
INSERT INTO `userakses` VALUES (582, 97, 6, 'aktif');
INSERT INTO `userakses` VALUES (583, 98, 1, 'aktif');
INSERT INTO `userakses` VALUES (584, 98, 2, 'aktif');
INSERT INTO `userakses` VALUES (585, 98, 3, 'aktif');
INSERT INTO `userakses` VALUES (586, 98, 4, 'aktif');
INSERT INTO `userakses` VALUES (587, 98, 5, 'aktif');
INSERT INTO `userakses` VALUES (588, 98, 6, 'aktif');
INSERT INTO `userakses` VALUES (589, 99, 1, 'aktif');
INSERT INTO `userakses` VALUES (590, 99, 2, 'aktif');
INSERT INTO `userakses` VALUES (591, 99, 3, 'aktif');
INSERT INTO `userakses` VALUES (592, 99, 4, 'aktif');
INSERT INTO `userakses` VALUES (593, 99, 5, 'aktif');
INSERT INTO `userakses` VALUES (594, 99, 6, 'aktif');
INSERT INTO `userakses` VALUES (595, 100, 1, 'aktif');
INSERT INTO `userakses` VALUES (596, 100, 2, 'aktif');
INSERT INTO `userakses` VALUES (597, 100, 3, 'aktif');
INSERT INTO `userakses` VALUES (598, 100, 4, 'aktif');
INSERT INTO `userakses` VALUES (599, 100, 5, 'aktif');
INSERT INTO `userakses` VALUES (600, 100, 6, 'aktif');
INSERT INTO `userakses` VALUES (601, 101, 1, 'aktif');
INSERT INTO `userakses` VALUES (602, 101, 2, 'aktif');
INSERT INTO `userakses` VALUES (603, 101, 3, 'aktif');
INSERT INTO `userakses` VALUES (604, 101, 4, 'aktif');
INSERT INTO `userakses` VALUES (605, 101, 5, 'aktif');
INSERT INTO `userakses` VALUES (606, 101, 6, 'aktif');
INSERT INTO `userakses` VALUES (607, 102, 1, 'aktif');
INSERT INTO `userakses` VALUES (608, 102, 2, 'aktif');
INSERT INTO `userakses` VALUES (609, 102, 3, 'aktif');
INSERT INTO `userakses` VALUES (610, 102, 4, 'aktif');
INSERT INTO `userakses` VALUES (611, 102, 5, 'aktif');
INSERT INTO `userakses` VALUES (612, 102, 6, 'aktif');
INSERT INTO `userakses` VALUES (613, 103, 1, 'aktif');
INSERT INTO `userakses` VALUES (614, 103, 2, 'aktif');
INSERT INTO `userakses` VALUES (615, 103, 3, 'aktif');
INSERT INTO `userakses` VALUES (616, 103, 4, 'aktif');
INSERT INTO `userakses` VALUES (617, 103, 5, 'aktif');
INSERT INTO `userakses` VALUES (618, 103, 6, 'aktif');
INSERT INTO `userakses` VALUES (619, 104, 1, 'aktif');
INSERT INTO `userakses` VALUES (620, 104, 2, 'aktif');
INSERT INTO `userakses` VALUES (621, 104, 3, 'aktif');
INSERT INTO `userakses` VALUES (622, 104, 4, 'aktif');
INSERT INTO `userakses` VALUES (623, 104, 5, 'aktif');
INSERT INTO `userakses` VALUES (624, 104, 6, 'aktif');
INSERT INTO `userakses` VALUES (625, 105, 1, 'aktif');
INSERT INTO `userakses` VALUES (626, 105, 2, 'aktif');
INSERT INTO `userakses` VALUES (627, 105, 3, 'aktif');
INSERT INTO `userakses` VALUES (628, 105, 4, 'aktif');
INSERT INTO `userakses` VALUES (629, 105, 5, 'aktif');
INSERT INTO `userakses` VALUES (630, 105, 6, 'aktif');
INSERT INTO `userakses` VALUES (631, 106, 1, 'aktif');
INSERT INTO `userakses` VALUES (632, 106, 2, 'aktif');
INSERT INTO `userakses` VALUES (633, 106, 3, 'aktif');
INSERT INTO `userakses` VALUES (634, 106, 4, 'aktif');
INSERT INTO `userakses` VALUES (635, 106, 5, 'aktif');
INSERT INTO `userakses` VALUES (636, 106, 6, 'aktif');
INSERT INTO `userakses` VALUES (637, 107, 1, 'aktif');
INSERT INTO `userakses` VALUES (638, 107, 2, 'aktif');
INSERT INTO `userakses` VALUES (639, 107, 3, 'aktif');
INSERT INTO `userakses` VALUES (640, 107, 4, 'aktif');
INSERT INTO `userakses` VALUES (641, 107, 5, 'aktif');
INSERT INTO `userakses` VALUES (642, 107, 6, 'aktif');
INSERT INTO `userakses` VALUES (643, 108, 1, 'aktif');
INSERT INTO `userakses` VALUES (644, 108, 2, 'aktif');
INSERT INTO `userakses` VALUES (645, 108, 3, 'aktif');
INSERT INTO `userakses` VALUES (646, 108, 4, 'aktif');
INSERT INTO `userakses` VALUES (647, 108, 5, 'aktif');
INSERT INTO `userakses` VALUES (648, 108, 6, 'aktif');
INSERT INTO `userakses` VALUES (649, 109, 1, 'aktif');
INSERT INTO `userakses` VALUES (650, 109, 2, 'aktif');
INSERT INTO `userakses` VALUES (651, 109, 3, 'aktif');
INSERT INTO `userakses` VALUES (652, 109, 4, 'aktif');
INSERT INTO `userakses` VALUES (653, 109, 5, 'aktif');
INSERT INTO `userakses` VALUES (654, 109, 6, 'aktif');
INSERT INTO `userakses` VALUES (655, 110, 1, 'aktif');
INSERT INTO `userakses` VALUES (656, 110, 2, 'aktif');
INSERT INTO `userakses` VALUES (657, 110, 3, 'aktif');
INSERT INTO `userakses` VALUES (658, 110, 4, 'aktif');
INSERT INTO `userakses` VALUES (659, 110, 5, 'aktif');
INSERT INTO `userakses` VALUES (660, 110, 6, 'aktif');
INSERT INTO `userakses` VALUES (661, 111, 1, 'aktif');
INSERT INTO `userakses` VALUES (662, 111, 2, 'aktif');
INSERT INTO `userakses` VALUES (663, 111, 3, 'aktif');
INSERT INTO `userakses` VALUES (664, 111, 4, 'aktif');
INSERT INTO `userakses` VALUES (665, 111, 5, 'aktif');
INSERT INTO `userakses` VALUES (666, 111, 6, 'aktif');
INSERT INTO `userakses` VALUES (667, 112, 1, 'aktif');
INSERT INTO `userakses` VALUES (668, 112, 2, 'aktif');
INSERT INTO `userakses` VALUES (669, 112, 3, 'aktif');
INSERT INTO `userakses` VALUES (670, 112, 4, 'aktif');
INSERT INTO `userakses` VALUES (671, 112, 5, 'aktif');
INSERT INTO `userakses` VALUES (672, 112, 6, 'aktif');
INSERT INTO `userakses` VALUES (673, 113, 1, 'aktif');
INSERT INTO `userakses` VALUES (674, 113, 2, 'aktif');
INSERT INTO `userakses` VALUES (675, 113, 3, 'aktif');
INSERT INTO `userakses` VALUES (676, 113, 4, 'aktif');
INSERT INTO `userakses` VALUES (677, 113, 5, 'aktif');
INSERT INTO `userakses` VALUES (678, 113, 6, 'aktif');
INSERT INTO `userakses` VALUES (679, 114, 1, 'aktif');
INSERT INTO `userakses` VALUES (680, 114, 2, 'aktif');
INSERT INTO `userakses` VALUES (681, 114, 3, 'aktif');
INSERT INTO `userakses` VALUES (682, 114, 4, 'aktif');
INSERT INTO `userakses` VALUES (683, 114, 5, 'aktif');
INSERT INTO `userakses` VALUES (684, 114, 6, 'aktif');
INSERT INTO `userakses` VALUES (685, 115, 1, 'aktif');
INSERT INTO `userakses` VALUES (686, 115, 2, 'aktif');
INSERT INTO `userakses` VALUES (687, 115, 3, 'aktif');
INSERT INTO `userakses` VALUES (688, 115, 4, 'aktif');
INSERT INTO `userakses` VALUES (689, 115, 5, 'aktif');
INSERT INTO `userakses` VALUES (690, 115, 6, 'aktif');
INSERT INTO `userakses` VALUES (691, 116, 1, 'aktif');
INSERT INTO `userakses` VALUES (692, 116, 2, 'aktif');
INSERT INTO `userakses` VALUES (693, 116, 3, 'aktif');
INSERT INTO `userakses` VALUES (694, 116, 4, 'aktif');
INSERT INTO `userakses` VALUES (695, 116, 5, 'aktif');
INSERT INTO `userakses` VALUES (696, 116, 6, 'aktif');
INSERT INTO `userakses` VALUES (697, 117, 1, 'aktif');
INSERT INTO `userakses` VALUES (698, 117, 2, 'aktif');
INSERT INTO `userakses` VALUES (699, 117, 3, 'aktif');
INSERT INTO `userakses` VALUES (700, 117, 4, 'aktif');
INSERT INTO `userakses` VALUES (701, 117, 5, 'aktif');
INSERT INTO `userakses` VALUES (702, 117, 6, 'aktif');
INSERT INTO `userakses` VALUES (703, 118, 1, 'aktif');
INSERT INTO `userakses` VALUES (704, 118, 2, 'aktif');
INSERT INTO `userakses` VALUES (705, 118, 3, 'aktif');
INSERT INTO `userakses` VALUES (706, 118, 4, 'aktif');
INSERT INTO `userakses` VALUES (707, 118, 5, 'aktif');
INSERT INTO `userakses` VALUES (708, 118, 6, 'aktif');
INSERT INTO `userakses` VALUES (709, 119, 1, 'aktif');
INSERT INTO `userakses` VALUES (710, 119, 2, 'aktif');
INSERT INTO `userakses` VALUES (711, 119, 3, 'aktif');
INSERT INTO `userakses` VALUES (712, 119, 4, 'aktif');
INSERT INTO `userakses` VALUES (713, 119, 5, 'aktif');
INSERT INTO `userakses` VALUES (714, 119, 6, 'aktif');
INSERT INTO `userakses` VALUES (715, 120, 1, 'aktif');
INSERT INTO `userakses` VALUES (716, 120, 2, 'aktif');
INSERT INTO `userakses` VALUES (717, 120, 3, 'aktif');
INSERT INTO `userakses` VALUES (718, 120, 4, 'aktif');
INSERT INTO `userakses` VALUES (719, 120, 5, 'aktif');
INSERT INTO `userakses` VALUES (720, 120, 6, 'aktif');
INSERT INTO `userakses` VALUES (721, 121, 1, 'aktif');
INSERT INTO `userakses` VALUES (722, 121, 2, 'aktif');
INSERT INTO `userakses` VALUES (723, 121, 3, 'aktif');
INSERT INTO `userakses` VALUES (724, 121, 4, 'aktif');
INSERT INTO `userakses` VALUES (725, 121, 5, 'aktif');
INSERT INTO `userakses` VALUES (726, 121, 6, 'aktif');
INSERT INTO `userakses` VALUES (727, 122, 1, 'aktif');
INSERT INTO `userakses` VALUES (728, 122, 2, 'aktif');
INSERT INTO `userakses` VALUES (729, 122, 3, 'aktif');
INSERT INTO `userakses` VALUES (730, 122, 4, 'aktif');
INSERT INTO `userakses` VALUES (731, 122, 5, 'aktif');
INSERT INTO `userakses` VALUES (732, 122, 6, 'aktif');
INSERT INTO `userakses` VALUES (733, 123, 1, 'aktif');
INSERT INTO `userakses` VALUES (734, 123, 2, 'aktif');
INSERT INTO `userakses` VALUES (735, 123, 3, 'aktif');
INSERT INTO `userakses` VALUES (736, 123, 4, 'aktif');
INSERT INTO `userakses` VALUES (737, 123, 5, 'aktif');
INSERT INTO `userakses` VALUES (738, 123, 6, 'aktif');
INSERT INTO `userakses` VALUES (739, 124, 1, 'aktif');
INSERT INTO `userakses` VALUES (740, 124, 2, 'aktif');
INSERT INTO `userakses` VALUES (741, 124, 3, 'aktif');
INSERT INTO `userakses` VALUES (742, 124, 4, 'aktif');
INSERT INTO `userakses` VALUES (743, 124, 5, 'aktif');
INSERT INTO `userakses` VALUES (744, 124, 6, 'aktif');
INSERT INTO `userakses` VALUES (745, 125, 1, 'aktif');
INSERT INTO `userakses` VALUES (746, 125, 2, 'aktif');
INSERT INTO `userakses` VALUES (747, 125, 3, 'aktif');
INSERT INTO `userakses` VALUES (748, 125, 4, 'aktif');
INSERT INTO `userakses` VALUES (749, 125, 5, 'aktif');
INSERT INTO `userakses` VALUES (750, 125, 6, 'aktif');
INSERT INTO `userakses` VALUES (751, 126, 1, 'aktif');
INSERT INTO `userakses` VALUES (752, 126, 2, 'aktif');
INSERT INTO `userakses` VALUES (753, 126, 3, 'aktif');
INSERT INTO `userakses` VALUES (754, 126, 4, 'aktif');
INSERT INTO `userakses` VALUES (755, 126, 5, 'aktif');
INSERT INTO `userakses` VALUES (756, 126, 6, 'aktif');
INSERT INTO `userakses` VALUES (757, 127, 1, 'aktif');
INSERT INTO `userakses` VALUES (758, 127, 2, 'aktif');
INSERT INTO `userakses` VALUES (759, 127, 3, 'aktif');
INSERT INTO `userakses` VALUES (760, 127, 4, 'aktif');
INSERT INTO `userakses` VALUES (761, 127, 5, 'aktif');
INSERT INTO `userakses` VALUES (762, 127, 6, 'aktif');
INSERT INTO `userakses` VALUES (763, 128, 1, 'aktif');
INSERT INTO `userakses` VALUES (764, 128, 2, 'aktif');
INSERT INTO `userakses` VALUES (765, 128, 3, 'aktif');
INSERT INTO `userakses` VALUES (766, 128, 4, 'aktif');
INSERT INTO `userakses` VALUES (767, 128, 5, 'aktif');
INSERT INTO `userakses` VALUES (768, 128, 6, 'aktif');
INSERT INTO `userakses` VALUES (769, 129, 1, 'aktif');
INSERT INTO `userakses` VALUES (770, 129, 2, 'aktif');
INSERT INTO `userakses` VALUES (771, 129, 3, 'aktif');
INSERT INTO `userakses` VALUES (772, 129, 4, 'aktif');
INSERT INTO `userakses` VALUES (773, 129, 5, 'aktif');
INSERT INTO `userakses` VALUES (774, 129, 6, 'aktif');
INSERT INTO `userakses` VALUES (775, 130, 1, 'aktif');
INSERT INTO `userakses` VALUES (776, 130, 2, 'aktif');
INSERT INTO `userakses` VALUES (777, 130, 3, 'aktif');
INSERT INTO `userakses` VALUES (778, 130, 4, 'aktif');
INSERT INTO `userakses` VALUES (779, 130, 5, 'aktif');
INSERT INTO `userakses` VALUES (780, 130, 6, 'aktif');
INSERT INTO `userakses` VALUES (781, 131, 1, 'aktif');
INSERT INTO `userakses` VALUES (782, 131, 2, 'aktif');
INSERT INTO `userakses` VALUES (783, 131, 3, 'aktif');
INSERT INTO `userakses` VALUES (784, 131, 4, 'aktif');
INSERT INTO `userakses` VALUES (785, 131, 5, 'aktif');
INSERT INTO `userakses` VALUES (786, 131, 6, 'aktif');
INSERT INTO `userakses` VALUES (787, 132, 1, 'aktif');
INSERT INTO `userakses` VALUES (788, 132, 2, 'aktif');
INSERT INTO `userakses` VALUES (789, 132, 3, 'aktif');
INSERT INTO `userakses` VALUES (790, 132, 4, 'aktif');
INSERT INTO `userakses` VALUES (791, 132, 5, 'aktif');
INSERT INTO `userakses` VALUES (792, 132, 6, 'aktif');
INSERT INTO `userakses` VALUES (793, 133, 1, 'aktif');
INSERT INTO `userakses` VALUES (794, 133, 2, 'aktif');
INSERT INTO `userakses` VALUES (795, 133, 3, 'aktif');
INSERT INTO `userakses` VALUES (796, 133, 4, 'aktif');
INSERT INTO `userakses` VALUES (797, 133, 5, 'aktif');
INSERT INTO `userakses` VALUES (798, 133, 6, 'aktif');
INSERT INTO `userakses` VALUES (799, 134, 1, 'aktif');
INSERT INTO `userakses` VALUES (800, 134, 2, 'aktif');
INSERT INTO `userakses` VALUES (801, 134, 3, 'aktif');
INSERT INTO `userakses` VALUES (802, 134, 4, 'aktif');
INSERT INTO `userakses` VALUES (803, 134, 5, 'aktif');
INSERT INTO `userakses` VALUES (804, 134, 6, 'aktif');
INSERT INTO `userakses` VALUES (805, 135, 1, 'aktif');
INSERT INTO `userakses` VALUES (806, 135, 2, 'aktif');
INSERT INTO `userakses` VALUES (807, 135, 3, 'aktif');
INSERT INTO `userakses` VALUES (808, 135, 4, 'aktif');
INSERT INTO `userakses` VALUES (809, 135, 5, 'aktif');
INSERT INTO `userakses` VALUES (810, 135, 6, 'aktif');
INSERT INTO `userakses` VALUES (811, 136, 1, 'aktif');
INSERT INTO `userakses` VALUES (812, 136, 2, 'aktif');
INSERT INTO `userakses` VALUES (813, 136, 3, 'aktif');
INSERT INTO `userakses` VALUES (814, 136, 4, 'aktif');
INSERT INTO `userakses` VALUES (815, 136, 5, 'aktif');
INSERT INTO `userakses` VALUES (816, 136, 6, 'aktif');
INSERT INTO `userakses` VALUES (817, 137, 1, 'aktif');
INSERT INTO `userakses` VALUES (818, 137, 2, 'aktif');
INSERT INTO `userakses` VALUES (819, 137, 3, 'aktif');
INSERT INTO `userakses` VALUES (820, 137, 4, 'aktif');
INSERT INTO `userakses` VALUES (821, 137, 5, 'aktif');
INSERT INTO `userakses` VALUES (822, 137, 6, 'aktif');
INSERT INTO `userakses` VALUES (823, 138, 1, 'aktif');
INSERT INTO `userakses` VALUES (824, 138, 2, 'aktif');
INSERT INTO `userakses` VALUES (825, 138, 3, 'aktif');
INSERT INTO `userakses` VALUES (826, 138, 4, 'aktif');
INSERT INTO `userakses` VALUES (827, 138, 5, 'aktif');
INSERT INTO `userakses` VALUES (828, 138, 6, 'aktif');
INSERT INTO `userakses` VALUES (829, 139, 1, 'aktif');
INSERT INTO `userakses` VALUES (830, 139, 2, 'aktif');
INSERT INTO `userakses` VALUES (831, 139, 3, 'aktif');
INSERT INTO `userakses` VALUES (832, 139, 4, 'aktif');
INSERT INTO `userakses` VALUES (833, 139, 5, 'aktif');
INSERT INTO `userakses` VALUES (834, 139, 6, 'aktif');
INSERT INTO `userakses` VALUES (835, 140, 1, 'aktif');
INSERT INTO `userakses` VALUES (836, 140, 2, 'aktif');
INSERT INTO `userakses` VALUES (837, 140, 3, 'aktif');
INSERT INTO `userakses` VALUES (838, 140, 4, 'aktif');
INSERT INTO `userakses` VALUES (839, 140, 5, 'aktif');
INSERT INTO `userakses` VALUES (840, 140, 6, 'aktif');
INSERT INTO `userakses` VALUES (841, 141, 1, 'aktif');
INSERT INTO `userakses` VALUES (842, 141, 2, 'aktif');
INSERT INTO `userakses` VALUES (843, 141, 3, 'aktif');
INSERT INTO `userakses` VALUES (844, 141, 4, 'aktif');
INSERT INTO `userakses` VALUES (845, 141, 5, 'aktif');
INSERT INTO `userakses` VALUES (846, 141, 6, 'aktif');
INSERT INTO `userakses` VALUES (847, 142, 1, 'aktif');
INSERT INTO `userakses` VALUES (848, 142, 2, 'aktif');
INSERT INTO `userakses` VALUES (849, 142, 3, 'aktif');
INSERT INTO `userakses` VALUES (850, 142, 4, 'aktif');
INSERT INTO `userakses` VALUES (851, 142, 5, 'aktif');
INSERT INTO `userakses` VALUES (852, 142, 6, 'aktif');
INSERT INTO `userakses` VALUES (853, 143, 1, 'aktif');
INSERT INTO `userakses` VALUES (854, 143, 2, 'aktif');
INSERT INTO `userakses` VALUES (855, 143, 3, 'aktif');
INSERT INTO `userakses` VALUES (856, 143, 4, 'aktif');
INSERT INTO `userakses` VALUES (857, 143, 5, 'aktif');
INSERT INTO `userakses` VALUES (858, 143, 6, 'aktif');
INSERT INTO `userakses` VALUES (859, 144, 1, 'aktif');
INSERT INTO `userakses` VALUES (860, 144, 2, 'aktif');
INSERT INTO `userakses` VALUES (861, 144, 3, 'aktif');
INSERT INTO `userakses` VALUES (862, 144, 4, 'aktif');
INSERT INTO `userakses` VALUES (863, 144, 5, 'aktif');
INSERT INTO `userakses` VALUES (864, 144, 6, 'aktif');
INSERT INTO `userakses` VALUES (865, 145, 1, 'aktif');
INSERT INTO `userakses` VALUES (866, 145, 2, 'aktif');
INSERT INTO `userakses` VALUES (867, 145, 3, 'aktif');
INSERT INTO `userakses` VALUES (868, 145, 4, 'aktif');
INSERT INTO `userakses` VALUES (869, 145, 5, 'aktif');
INSERT INTO `userakses` VALUES (870, 145, 6, 'aktif');
INSERT INTO `userakses` VALUES (871, 146, 1, 'aktif');
INSERT INTO `userakses` VALUES (872, 146, 2, 'aktif');
INSERT INTO `userakses` VALUES (873, 146, 3, 'aktif');
INSERT INTO `userakses` VALUES (874, 146, 4, 'aktif');
INSERT INTO `userakses` VALUES (875, 146, 5, 'aktif');
INSERT INTO `userakses` VALUES (876, 146, 6, 'aktif');
INSERT INTO `userakses` VALUES (877, 147, 1, 'aktif');
INSERT INTO `userakses` VALUES (878, 147, 2, 'aktif');
INSERT INTO `userakses` VALUES (879, 147, 3, 'aktif');
INSERT INTO `userakses` VALUES (880, 147, 4, 'aktif');
INSERT INTO `userakses` VALUES (881, 147, 5, 'aktif');
INSERT INTO `userakses` VALUES (882, 147, 6, 'aktif');
INSERT INTO `userakses` VALUES (883, 148, 1, 'aktif');
INSERT INTO `userakses` VALUES (884, 148, 2, 'aktif');
INSERT INTO `userakses` VALUES (885, 148, 3, 'aktif');
INSERT INTO `userakses` VALUES (886, 148, 4, 'aktif');
INSERT INTO `userakses` VALUES (887, 148, 5, 'aktif');
INSERT INTO `userakses` VALUES (888, 148, 6, 'aktif');
INSERT INTO `userakses` VALUES (889, 149, 1, 'aktif');
INSERT INTO `userakses` VALUES (890, 149, 2, 'aktif');
INSERT INTO `userakses` VALUES (891, 149, 3, 'aktif');
INSERT INTO `userakses` VALUES (892, 149, 4, 'aktif');
INSERT INTO `userakses` VALUES (893, 149, 5, 'aktif');
INSERT INTO `userakses` VALUES (894, 149, 6, 'aktif');
INSERT INTO `userakses` VALUES (895, 150, 1, 'aktif');
INSERT INTO `userakses` VALUES (896, 150, 2, 'aktif');
INSERT INTO `userakses` VALUES (897, 150, 3, 'aktif');
INSERT INTO `userakses` VALUES (898, 150, 4, 'aktif');
INSERT INTO `userakses` VALUES (899, 150, 5, 'aktif');
INSERT INTO `userakses` VALUES (900, 150, 6, 'aktif');
INSERT INTO `userakses` VALUES (901, 151, 1, 'aktif');
INSERT INTO `userakses` VALUES (902, 151, 2, 'aktif');
INSERT INTO `userakses` VALUES (903, 151, 3, 'aktif');
INSERT INTO `userakses` VALUES (904, 151, 4, 'aktif');
INSERT INTO `userakses` VALUES (905, 151, 5, 'aktif');
INSERT INTO `userakses` VALUES (906, 151, 6, 'aktif');
INSERT INTO `userakses` VALUES (907, 152, 1, 'aktif');
INSERT INTO `userakses` VALUES (908, 152, 2, 'aktif');
INSERT INTO `userakses` VALUES (909, 152, 3, 'aktif');
INSERT INTO `userakses` VALUES (910, 152, 4, 'aktif');
INSERT INTO `userakses` VALUES (911, 152, 5, 'aktif');
INSERT INTO `userakses` VALUES (912, 152, 6, 'aktif');
INSERT INTO `userakses` VALUES (913, 153, 1, 'aktif');
INSERT INTO `userakses` VALUES (914, 153, 2, 'aktif');
INSERT INTO `userakses` VALUES (915, 153, 3, 'aktif');
INSERT INTO `userakses` VALUES (916, 153, 4, 'aktif');
INSERT INTO `userakses` VALUES (917, 153, 5, 'aktif');
INSERT INTO `userakses` VALUES (918, 153, 6, 'aktif');
INSERT INTO `userakses` VALUES (919, 154, 1, 'aktif');
INSERT INTO `userakses` VALUES (920, 154, 2, 'aktif');
INSERT INTO `userakses` VALUES (921, 154, 3, 'aktif');
INSERT INTO `userakses` VALUES (922, 154, 4, 'aktif');
INSERT INTO `userakses` VALUES (923, 154, 5, 'aktif');
INSERT INTO `userakses` VALUES (924, 154, 6, 'aktif');
INSERT INTO `userakses` VALUES (925, 155, 1, 'aktif');
INSERT INTO `userakses` VALUES (926, 155, 2, 'aktif');
INSERT INTO `userakses` VALUES (927, 155, 3, 'aktif');
INSERT INTO `userakses` VALUES (928, 155, 4, 'aktif');
INSERT INTO `userakses` VALUES (929, 155, 5, 'aktif');
INSERT INTO `userakses` VALUES (930, 155, 6, 'aktif');
INSERT INTO `userakses` VALUES (931, 156, 1, 'aktif');
INSERT INTO `userakses` VALUES (932, 156, 2, 'aktif');
INSERT INTO `userakses` VALUES (933, 156, 3, 'aktif');
INSERT INTO `userakses` VALUES (934, 156, 4, 'aktif');
INSERT INTO `userakses` VALUES (935, 156, 5, 'aktif');
INSERT INTO `userakses` VALUES (936, 156, 6, 'aktif');
INSERT INTO `userakses` VALUES (937, 157, 1, 'aktif');
INSERT INTO `userakses` VALUES (938, 157, 2, 'aktif');
INSERT INTO `userakses` VALUES (939, 157, 3, 'aktif');
INSERT INTO `userakses` VALUES (940, 157, 4, 'aktif');
INSERT INTO `userakses` VALUES (941, 157, 5, 'aktif');
INSERT INTO `userakses` VALUES (942, 157, 6, 'aktif');
INSERT INTO `userakses` VALUES (943, 158, 1, 'aktif');
INSERT INTO `userakses` VALUES (944, 158, 2, 'aktif');
INSERT INTO `userakses` VALUES (945, 158, 3, 'aktif');
INSERT INTO `userakses` VALUES (946, 158, 4, 'aktif');
INSERT INTO `userakses` VALUES (947, 158, 5, 'aktif');
INSERT INTO `userakses` VALUES (948, 158, 6, 'aktif');
INSERT INTO `userakses` VALUES (949, 159, 1, 'aktif');
INSERT INTO `userakses` VALUES (950, 159, 2, 'aktif');
INSERT INTO `userakses` VALUES (951, 159, 3, 'aktif');
INSERT INTO `userakses` VALUES (952, 159, 4, 'aktif');
INSERT INTO `userakses` VALUES (953, 159, 5, 'aktif');
INSERT INTO `userakses` VALUES (954, 159, 6, 'aktif');
INSERT INTO `userakses` VALUES (955, 160, 1, 'aktif');
INSERT INTO `userakses` VALUES (956, 160, 2, 'aktif');
INSERT INTO `userakses` VALUES (957, 160, 3, 'aktif');
INSERT INTO `userakses` VALUES (958, 160, 4, 'aktif');
INSERT INTO `userakses` VALUES (959, 160, 5, 'aktif');
INSERT INTO `userakses` VALUES (960, 160, 6, 'aktif');
INSERT INTO `userakses` VALUES (961, 161, 1, 'aktif');
INSERT INTO `userakses` VALUES (962, 161, 2, 'aktif');
INSERT INTO `userakses` VALUES (963, 161, 3, 'aktif');
INSERT INTO `userakses` VALUES (964, 161, 4, 'aktif');
INSERT INTO `userakses` VALUES (965, 161, 5, 'aktif');
INSERT INTO `userakses` VALUES (966, 161, 6, 'aktif');
INSERT INTO `userakses` VALUES (967, 162, 1, 'aktif');
INSERT INTO `userakses` VALUES (968, 162, 2, 'aktif');
INSERT INTO `userakses` VALUES (969, 162, 3, 'aktif');
INSERT INTO `userakses` VALUES (970, 162, 4, 'aktif');
INSERT INTO `userakses` VALUES (971, 162, 5, 'aktif');
INSERT INTO `userakses` VALUES (972, 162, 6, 'aktif');
INSERT INTO `userakses` VALUES (973, 163, 1, 'aktif');
INSERT INTO `userakses` VALUES (974, 163, 2, 'aktif');
INSERT INTO `userakses` VALUES (975, 163, 3, 'aktif');
INSERT INTO `userakses` VALUES (976, 163, 4, 'aktif');
INSERT INTO `userakses` VALUES (977, 163, 5, 'aktif');
INSERT INTO `userakses` VALUES (978, 163, 6, 'aktif');
INSERT INTO `userakses` VALUES (979, 164, 1, 'aktif');
INSERT INTO `userakses` VALUES (980, 164, 2, 'aktif');
INSERT INTO `userakses` VALUES (981, 164, 3, 'aktif');
INSERT INTO `userakses` VALUES (982, 164, 4, 'aktif');
INSERT INTO `userakses` VALUES (983, 164, 5, 'aktif');
INSERT INTO `userakses` VALUES (984, 164, 6, 'aktif');
INSERT INTO `userakses` VALUES (985, 165, 1, 'aktif');
INSERT INTO `userakses` VALUES (986, 165, 2, 'aktif');
INSERT INTO `userakses` VALUES (987, 165, 3, 'aktif');
INSERT INTO `userakses` VALUES (988, 165, 4, 'aktif');
INSERT INTO `userakses` VALUES (989, 165, 5, 'aktif');
INSERT INTO `userakses` VALUES (990, 165, 6, 'aktif');
INSERT INTO `userakses` VALUES (991, 166, 1, 'aktif');
INSERT INTO `userakses` VALUES (992, 166, 2, 'aktif');
INSERT INTO `userakses` VALUES (993, 166, 3, 'aktif');
INSERT INTO `userakses` VALUES (994, 166, 4, 'aktif');
INSERT INTO `userakses` VALUES (995, 166, 5, 'aktif');
INSERT INTO `userakses` VALUES (996, 166, 6, 'aktif');
INSERT INTO `userakses` VALUES (997, 167, 1, 'aktif');
INSERT INTO `userakses` VALUES (998, 167, 2, 'aktif');
INSERT INTO `userakses` VALUES (999, 167, 3, 'aktif');
INSERT INTO `userakses` VALUES (1000, 167, 4, 'aktif');
INSERT INTO `userakses` VALUES (1001, 167, 5, 'aktif');
INSERT INTO `userakses` VALUES (1002, 167, 6, 'aktif');
INSERT INTO `userakses` VALUES (1003, 168, 1, 'aktif');
INSERT INTO `userakses` VALUES (1004, 168, 2, 'aktif');
INSERT INTO `userakses` VALUES (1005, 168, 3, 'aktif');
INSERT INTO `userakses` VALUES (1006, 168, 4, 'aktif');
INSERT INTO `userakses` VALUES (1007, 168, 5, 'aktif');
INSERT INTO `userakses` VALUES (1008, 168, 6, 'aktif');
INSERT INTO `userakses` VALUES (1009, 169, 1, 'aktif');
INSERT INTO `userakses` VALUES (1010, 169, 2, 'aktif');
INSERT INTO `userakses` VALUES (1011, 169, 3, 'aktif');
INSERT INTO `userakses` VALUES (1012, 169, 4, 'aktif');
INSERT INTO `userakses` VALUES (1013, 169, 5, 'aktif');
INSERT INTO `userakses` VALUES (1014, 169, 6, 'aktif');
INSERT INTO `userakses` VALUES (1015, 170, 1, 'aktif');
INSERT INTO `userakses` VALUES (1016, 170, 2, 'aktif');
INSERT INTO `userakses` VALUES (1017, 170, 3, 'aktif');
INSERT INTO `userakses` VALUES (1018, 170, 4, 'aktif');
INSERT INTO `userakses` VALUES (1019, 170, 5, 'aktif');
INSERT INTO `userakses` VALUES (1020, 170, 6, 'aktif');
INSERT INTO `userakses` VALUES (1021, 171, 1, 'aktif');
INSERT INTO `userakses` VALUES (1022, 171, 2, 'aktif');
INSERT INTO `userakses` VALUES (1023, 171, 3, 'aktif');
INSERT INTO `userakses` VALUES (1024, 171, 4, 'aktif');
INSERT INTO `userakses` VALUES (1025, 171, 5, 'aktif');
INSERT INTO `userakses` VALUES (1026, 171, 6, 'aktif');
INSERT INTO `userakses` VALUES (1027, 172, 1, 'aktif');
INSERT INTO `userakses` VALUES (1028, 172, 2, 'aktif');
INSERT INTO `userakses` VALUES (1029, 172, 3, 'aktif');
INSERT INTO `userakses` VALUES (1030, 172, 4, 'aktif');
INSERT INTO `userakses` VALUES (1031, 172, 5, 'aktif');
INSERT INTO `userakses` VALUES (1032, 172, 6, 'aktif');
INSERT INTO `userakses` VALUES (1033, 173, 1, 'aktif');
INSERT INTO `userakses` VALUES (1034, 173, 2, 'aktif');
INSERT INTO `userakses` VALUES (1035, 173, 3, 'aktif');
INSERT INTO `userakses` VALUES (1036, 173, 4, 'aktif');
INSERT INTO `userakses` VALUES (1037, 173, 5, 'aktif');
INSERT INTO `userakses` VALUES (1038, 173, 6, 'aktif');
INSERT INTO `userakses` VALUES (1039, 174, 1, 'aktif');
INSERT INTO `userakses` VALUES (1040, 174, 2, 'aktif');
INSERT INTO `userakses` VALUES (1041, 174, 3, 'aktif');
INSERT INTO `userakses` VALUES (1042, 174, 4, 'aktif');
INSERT INTO `userakses` VALUES (1043, 174, 5, 'aktif');
INSERT INTO `userakses` VALUES (1044, 174, 6, 'aktif');
INSERT INTO `userakses` VALUES (1045, 175, 1, 'aktif');
INSERT INTO `userakses` VALUES (1046, 175, 2, 'aktif');
INSERT INTO `userakses` VALUES (1047, 175, 3, 'aktif');
INSERT INTO `userakses` VALUES (1048, 175, 4, 'aktif');
INSERT INTO `userakses` VALUES (1049, 175, 5, 'aktif');
INSERT INTO `userakses` VALUES (1050, 175, 6, 'aktif');
INSERT INTO `userakses` VALUES (1051, 176, 1, 'aktif');
INSERT INTO `userakses` VALUES (1052, 176, 2, 'aktif');
INSERT INTO `userakses` VALUES (1053, 176, 3, 'aktif');
INSERT INTO `userakses` VALUES (1054, 176, 4, 'aktif');
INSERT INTO `userakses` VALUES (1055, 176, 5, 'aktif');
INSERT INTO `userakses` VALUES (1056, 176, 6, 'aktif');
INSERT INTO `userakses` VALUES (1057, 177, 1, 'aktif');
INSERT INTO `userakses` VALUES (1058, 177, 2, 'aktif');
INSERT INTO `userakses` VALUES (1059, 177, 3, 'aktif');
INSERT INTO `userakses` VALUES (1060, 177, 4, 'aktif');
INSERT INTO `userakses` VALUES (1061, 177, 5, 'aktif');
INSERT INTO `userakses` VALUES (1062, 177, 6, 'aktif');
INSERT INTO `userakses` VALUES (1063, 178, 1, 'aktif');
INSERT INTO `userakses` VALUES (1064, 178, 2, 'aktif');
INSERT INTO `userakses` VALUES (1065, 178, 3, 'aktif');
INSERT INTO `userakses` VALUES (1066, 178, 4, 'aktif');
INSERT INTO `userakses` VALUES (1067, 178, 5, 'aktif');
INSERT INTO `userakses` VALUES (1068, 178, 6, 'aktif');
INSERT INTO `userakses` VALUES (1069, 179, 1, 'aktif');
INSERT INTO `userakses` VALUES (1070, 179, 2, 'aktif');
INSERT INTO `userakses` VALUES (1071, 179, 3, 'aktif');
INSERT INTO `userakses` VALUES (1072, 179, 4, 'aktif');
INSERT INTO `userakses` VALUES (1073, 179, 5, 'aktif');
INSERT INTO `userakses` VALUES (1074, 179, 6, 'aktif');
INSERT INTO `userakses` VALUES (1075, 180, 1, 'aktif');
INSERT INTO `userakses` VALUES (1076, 180, 2, 'aktif');
INSERT INTO `userakses` VALUES (1077, 180, 3, 'aktif');
INSERT INTO `userakses` VALUES (1078, 180, 4, 'aktif');
INSERT INTO `userakses` VALUES (1079, 180, 5, 'aktif');
INSERT INTO `userakses` VALUES (1080, 180, 6, 'aktif');
INSERT INTO `userakses` VALUES (1081, 181, 1, 'aktif');
INSERT INTO `userakses` VALUES (1082, 181, 2, 'aktif');
INSERT INTO `userakses` VALUES (1083, 181, 3, 'aktif');
INSERT INTO `userakses` VALUES (1084, 181, 4, 'aktif');
INSERT INTO `userakses` VALUES (1085, 181, 5, 'aktif');
INSERT INTO `userakses` VALUES (1086, 181, 6, 'aktif');
INSERT INTO `userakses` VALUES (1087, 182, 1, 'aktif');
INSERT INTO `userakses` VALUES (1088, 182, 2, 'aktif');
INSERT INTO `userakses` VALUES (1089, 182, 3, 'aktif');
INSERT INTO `userakses` VALUES (1090, 182, 4, 'aktif');
INSERT INTO `userakses` VALUES (1091, 182, 5, 'aktif');
INSERT INTO `userakses` VALUES (1092, 182, 6, 'aktif');
INSERT INTO `userakses` VALUES (1093, 183, 1, 'aktif');
INSERT INTO `userakses` VALUES (1094, 183, 2, 'aktif');
INSERT INTO `userakses` VALUES (1095, 183, 3, 'aktif');
INSERT INTO `userakses` VALUES (1096, 183, 4, 'aktif');
INSERT INTO `userakses` VALUES (1097, 183, 5, 'aktif');
INSERT INTO `userakses` VALUES (1098, 183, 6, 'aktif');
INSERT INTO `userakses` VALUES (1099, 184, 1, 'aktif');
INSERT INTO `userakses` VALUES (1100, 184, 2, 'aktif');
INSERT INTO `userakses` VALUES (1101, 184, 3, 'aktif');
INSERT INTO `userakses` VALUES (1102, 184, 4, 'aktif');
INSERT INTO `userakses` VALUES (1103, 184, 5, 'aktif');
INSERT INTO `userakses` VALUES (1104, 184, 6, 'aktif');
INSERT INTO `userakses` VALUES (1105, 185, 1, 'aktif');
INSERT INTO `userakses` VALUES (1106, 185, 2, 'aktif');
INSERT INTO `userakses` VALUES (1107, 185, 3, 'aktif');
INSERT INTO `userakses` VALUES (1108, 185, 4, 'aktif');
INSERT INTO `userakses` VALUES (1109, 185, 5, 'aktif');
INSERT INTO `userakses` VALUES (1110, 185, 6, 'aktif');
INSERT INTO `userakses` VALUES (1111, 186, 1, 'aktif');
INSERT INTO `userakses` VALUES (1112, 186, 2, 'aktif');
INSERT INTO `userakses` VALUES (1113, 186, 3, 'aktif');
INSERT INTO `userakses` VALUES (1114, 186, 4, 'aktif');
INSERT INTO `userakses` VALUES (1115, 186, 5, 'aktif');
INSERT INTO `userakses` VALUES (1116, 186, 6, 'aktif');
INSERT INTO `userakses` VALUES (1117, 187, 1, 'aktif');
INSERT INTO `userakses` VALUES (1118, 187, 2, 'aktif');
INSERT INTO `userakses` VALUES (1119, 187, 3, 'aktif');
INSERT INTO `userakses` VALUES (1120, 187, 4, 'aktif');
INSERT INTO `userakses` VALUES (1121, 187, 5, 'aktif');
INSERT INTO `userakses` VALUES (1122, 187, 6, 'aktif');
INSERT INTO `userakses` VALUES (1123, 188, 1, 'aktif');
INSERT INTO `userakses` VALUES (1124, 188, 2, 'aktif');
INSERT INTO `userakses` VALUES (1125, 188, 3, 'aktif');
INSERT INTO `userakses` VALUES (1126, 188, 4, 'aktif');
INSERT INTO `userakses` VALUES (1127, 188, 5, 'aktif');
INSERT INTO `userakses` VALUES (1128, 188, 6, 'aktif');
INSERT INTO `userakses` VALUES (1129, 189, 1, 'aktif');
INSERT INTO `userakses` VALUES (1130, 189, 2, 'aktif');
INSERT INTO `userakses` VALUES (1131, 189, 3, 'aktif');
INSERT INTO `userakses` VALUES (1132, 189, 4, 'aktif');
INSERT INTO `userakses` VALUES (1133, 189, 5, 'aktif');
INSERT INTO `userakses` VALUES (1134, 189, 6, 'aktif');
INSERT INTO `userakses` VALUES (1135, 190, 1, 'aktif');
INSERT INTO `userakses` VALUES (1136, 190, 2, 'aktif');
INSERT INTO `userakses` VALUES (1137, 190, 3, 'aktif');
INSERT INTO `userakses` VALUES (1138, 190, 4, 'aktif');
INSERT INTO `userakses` VALUES (1139, 190, 5, 'aktif');
INSERT INTO `userakses` VALUES (1140, 190, 6, 'aktif');
INSERT INTO `userakses` VALUES (1141, 191, 1, 'aktif');
INSERT INTO `userakses` VALUES (1142, 191, 2, 'aktif');
INSERT INTO `userakses` VALUES (1143, 191, 3, 'aktif');
INSERT INTO `userakses` VALUES (1144, 191, 4, 'aktif');
INSERT INTO `userakses` VALUES (1145, 191, 5, 'aktif');
INSERT INTO `userakses` VALUES (1146, 191, 6, 'aktif');
INSERT INTO `userakses` VALUES (1147, 192, 1, 'aktif');
INSERT INTO `userakses` VALUES (1148, 192, 2, 'aktif');
INSERT INTO `userakses` VALUES (1149, 192, 3, 'aktif');
INSERT INTO `userakses` VALUES (1150, 192, 4, 'aktif');
INSERT INTO `userakses` VALUES (1151, 192, 5, 'aktif');
INSERT INTO `userakses` VALUES (1152, 192, 6, 'aktif');
INSERT INTO `userakses` VALUES (1153, 193, 1, 'aktif');
INSERT INTO `userakses` VALUES (1154, 193, 2, 'aktif');
INSERT INTO `userakses` VALUES (1155, 193, 3, 'aktif');
INSERT INTO `userakses` VALUES (1156, 193, 4, 'aktif');
INSERT INTO `userakses` VALUES (1157, 193, 5, 'aktif');
INSERT INTO `userakses` VALUES (1158, 193, 6, 'aktif');
INSERT INTO `userakses` VALUES (1159, 194, 1, 'aktif');
INSERT INTO `userakses` VALUES (1160, 194, 2, 'aktif');
INSERT INTO `userakses` VALUES (1161, 194, 3, 'aktif');
INSERT INTO `userakses` VALUES (1162, 194, 4, 'aktif');
INSERT INTO `userakses` VALUES (1163, 194, 5, 'aktif');
INSERT INTO `userakses` VALUES (1164, 194, 6, 'aktif');
INSERT INTO `userakses` VALUES (1165, 195, 1, 'aktif');
INSERT INTO `userakses` VALUES (1166, 195, 2, 'aktif');
INSERT INTO `userakses` VALUES (1167, 195, 3, 'aktif');
INSERT INTO `userakses` VALUES (1168, 195, 4, 'aktif');
INSERT INTO `userakses` VALUES (1169, 195, 5, 'aktif');
INSERT INTO `userakses` VALUES (1170, 195, 6, 'aktif');
INSERT INTO `userakses` VALUES (1171, 196, 1, 'aktif');
INSERT INTO `userakses` VALUES (1172, 196, 2, 'aktif');
INSERT INTO `userakses` VALUES (1173, 196, 3, 'aktif');
INSERT INTO `userakses` VALUES (1174, 196, 4, 'aktif');
INSERT INTO `userakses` VALUES (1175, 196, 5, 'aktif');
INSERT INTO `userakses` VALUES (1176, 196, 6, 'aktif');
INSERT INTO `userakses` VALUES (1177, 197, 1, 'aktif');
INSERT INTO `userakses` VALUES (1178, 197, 2, 'aktif');
INSERT INTO `userakses` VALUES (1179, 197, 3, 'aktif');
INSERT INTO `userakses` VALUES (1180, 197, 4, 'aktif');
INSERT INTO `userakses` VALUES (1181, 197, 5, 'aktif');
INSERT INTO `userakses` VALUES (1182, 197, 6, 'aktif');
INSERT INTO `userakses` VALUES (1183, 198, 1, 'aktif');
INSERT INTO `userakses` VALUES (1184, 198, 2, 'aktif');
INSERT INTO `userakses` VALUES (1185, 198, 3, 'aktif');
INSERT INTO `userakses` VALUES (1186, 198, 4, 'aktif');
INSERT INTO `userakses` VALUES (1187, 198, 5, 'aktif');
INSERT INTO `userakses` VALUES (1188, 198, 6, 'aktif');
INSERT INTO `userakses` VALUES (1189, 199, 1, 'aktif');
INSERT INTO `userakses` VALUES (1190, 199, 2, 'aktif');
INSERT INTO `userakses` VALUES (1191, 199, 3, 'aktif');
INSERT INTO `userakses` VALUES (1192, 199, 4, 'aktif');
INSERT INTO `userakses` VALUES (1193, 199, 5, 'aktif');
INSERT INTO `userakses` VALUES (1194, 199, 6, 'aktif');
INSERT INTO `userakses` VALUES (1195, 200, 1, 'aktif');
INSERT INTO `userakses` VALUES (1196, 200, 2, 'aktif');
INSERT INTO `userakses` VALUES (1197, 200, 3, 'aktif');
INSERT INTO `userakses` VALUES (1198, 200, 4, 'aktif');
INSERT INTO `userakses` VALUES (1199, 200, 5, 'aktif');
INSERT INTO `userakses` VALUES (1200, 200, 6, 'aktif');
INSERT INTO `userakses` VALUES (1201, 201, 1, 'aktif');
INSERT INTO `userakses` VALUES (1202, 201, 2, 'aktif');
INSERT INTO `userakses` VALUES (1203, 201, 3, 'aktif');
INSERT INTO `userakses` VALUES (1204, 201, 4, 'aktif');
INSERT INTO `userakses` VALUES (1205, 201, 5, 'aktif');
INSERT INTO `userakses` VALUES (1206, 201, 6, 'aktif');
INSERT INTO `userakses` VALUES (1207, 202, 1, 'aktif');
INSERT INTO `userakses` VALUES (1208, 202, 2, 'aktif');
INSERT INTO `userakses` VALUES (1209, 202, 3, 'aktif');
INSERT INTO `userakses` VALUES (1210, 202, 4, 'aktif');
INSERT INTO `userakses` VALUES (1211, 202, 5, 'aktif');
INSERT INTO `userakses` VALUES (1212, 202, 6, 'aktif');
INSERT INTO `userakses` VALUES (1213, 203, 1, 'aktif');
INSERT INTO `userakses` VALUES (1214, 203, 2, 'aktif');
INSERT INTO `userakses` VALUES (1215, 203, 3, 'aktif');
INSERT INTO `userakses` VALUES (1216, 203, 4, 'aktif');
INSERT INTO `userakses` VALUES (1217, 203, 5, 'aktif');
INSERT INTO `userakses` VALUES (1218, 203, 6, 'aktif');
INSERT INTO `userakses` VALUES (1219, 204, 1, 'aktif');
INSERT INTO `userakses` VALUES (1220, 204, 2, 'aktif');
INSERT INTO `userakses` VALUES (1221, 204, 3, 'aktif');
INSERT INTO `userakses` VALUES (1222, 204, 4, 'aktif');
INSERT INTO `userakses` VALUES (1223, 204, 5, 'aktif');
INSERT INTO `userakses` VALUES (1224, 204, 6, 'aktif');
INSERT INTO `userakses` VALUES (1225, 205, 1, 'aktif');
INSERT INTO `userakses` VALUES (1226, 205, 2, 'aktif');
INSERT INTO `userakses` VALUES (1227, 205, 3, 'aktif');
INSERT INTO `userakses` VALUES (1228, 205, 4, 'aktif');
INSERT INTO `userakses` VALUES (1229, 205, 5, 'aktif');
INSERT INTO `userakses` VALUES (1230, 205, 6, 'aktif');
INSERT INTO `userakses` VALUES (1231, 206, 1, 'aktif');
INSERT INTO `userakses` VALUES (1232, 206, 2, 'aktif');
INSERT INTO `userakses` VALUES (1233, 206, 3, 'aktif');
INSERT INTO `userakses` VALUES (1234, 206, 4, 'aktif');
INSERT INTO `userakses` VALUES (1235, 206, 5, 'aktif');
INSERT INTO `userakses` VALUES (1236, 206, 6, 'aktif');
INSERT INTO `userakses` VALUES (1237, 207, 1, 'aktif');
INSERT INTO `userakses` VALUES (1238, 207, 2, 'aktif');
INSERT INTO `userakses` VALUES (1239, 207, 3, 'aktif');
INSERT INTO `userakses` VALUES (1240, 207, 4, 'aktif');
INSERT INTO `userakses` VALUES (1241, 207, 5, 'aktif');
INSERT INTO `userakses` VALUES (1242, 207, 6, 'aktif');
INSERT INTO `userakses` VALUES (1243, 208, 1, 'aktif');
INSERT INTO `userakses` VALUES (1244, 208, 2, 'aktif');
INSERT INTO `userakses` VALUES (1245, 208, 3, 'aktif');
INSERT INTO `userakses` VALUES (1246, 208, 4, 'aktif');
INSERT INTO `userakses` VALUES (1247, 208, 5, 'aktif');
INSERT INTO `userakses` VALUES (1248, 208, 6, 'aktif');
INSERT INTO `userakses` VALUES (1249, 230, 1, 'aktif');
INSERT INTO `userakses` VALUES (1250, 230, 2, 'aktif');
INSERT INTO `userakses` VALUES (1251, 230, 3, 'aktif');
INSERT INTO `userakses` VALUES (1252, 230, 4, 'aktif');
INSERT INTO `userakses` VALUES (1253, 230, 5, 'aktif');
INSERT INTO `userakses` VALUES (1254, 230, 6, 'aktif');
INSERT INTO `userakses` VALUES (1255, 231, 1, 'aktif');
INSERT INTO `userakses` VALUES (1256, 231, 2, 'aktif');
INSERT INTO `userakses` VALUES (1257, 231, 3, 'aktif');
INSERT INTO `userakses` VALUES (1258, 231, 4, 'aktif');
INSERT INTO `userakses` VALUES (1259, 231, 5, 'aktif');
INSERT INTO `userakses` VALUES (1260, 231, 6, 'aktif');
INSERT INTO `userakses` VALUES (1261, 232, 1, 'aktif');
INSERT INTO `userakses` VALUES (1262, 232, 2, 'aktif');
INSERT INTO `userakses` VALUES (1263, 232, 3, 'aktif');
INSERT INTO `userakses` VALUES (1264, 232, 4, 'aktif');
INSERT INTO `userakses` VALUES (1265, 232, 5, 'aktif');
INSERT INTO `userakses` VALUES (1266, 232, 6, 'aktif');
INSERT INTO `userakses` VALUES (1267, 233, 1, 'aktif');
INSERT INTO `userakses` VALUES (1268, 233, 2, 'aktif');
INSERT INTO `userakses` VALUES (1269, 233, 3, 'aktif');
INSERT INTO `userakses` VALUES (1270, 233, 4, 'aktif');
INSERT INTO `userakses` VALUES (1271, 233, 5, 'aktif');
INSERT INTO `userakses` VALUES (1272, 233, 6, 'aktif');
INSERT INTO `userakses` VALUES (1273, 1, 7, 'aktif');

SET FOREIGN_KEY_CHECKS = 1;
